Workbook
Name _gjdgxs: data!#REF!

Sheet data
A1: HỆ THỐNG QUẢN LÝ HỌC SINH TRƯỜNG THPT VỊ THANH
C2: Tiêu đề: | K2: Giờ bắt đầu | L2: 0.29166667 | M2: Giờ kết thúc | Q2: 0.5625
A3: TT | B3: HỌ VÀ TÊN | C3: LỚP | D3: ID xa | E3: MÃ HS | N3: =N2-P2 -> 0 | P3: VẮNG | R3: Thẻ lỗi, liên hệ Admin
F4: CÓ MẶT | G4: LỚP | H4: ID PHHS | I4: KIỂM TRA TÊN HS | J4: CHECK IN | K4: THỜI GIAN | L4: VÔ TRỄ | M4: THỜI GIAN TRỄ | N4: Buổi | O4: VỀ SỚM KHÔNG BÁO | P4: P | Q4: K | S4: NK | T4: NK1 | U4: ngày sinh | V4: ngày sinh1 | X4: điểm TB | Y4: MÃ MỚI CẤP LẠI
A5: =IF(B5<>"",A4+1,"") -> 1 | B5: TRẦN VIẾT BÌNH AN | C5: 10A1 | D5: 33000000 | E5: 20234379 | F5: =IFERROR(IF(VLOOKUP(E5,J:J,1,0)=E5,"X",""),"") | G5: =IF(J5<>"", INDEX($C$5:$C$1433, MATCH(J5, $E$5:$E$1433, 0)),"") -> #N/A | H5: =IF(J5<>"", INDEX($D$5:$D$1433, MATCH(J5, $E$5:$E$1433, 0)),"") -> #N/A | I5: =IFERROR(IF(J5<>"", INDEX($B$5:$B$1433, MATCH(J5, $E$5:$E$1433, 0)),""),"SAI") -> SAI | J5: 320006190 | K5: 1:12:05 PM | L5: =IFERROR(IF($N$5="Sáng",IF(MID(K5,2,7)-MID($L$2,2,7)>0,"Trễ",""),IF(MID(K5,2,7)-MID($Q$2,2,7)>0,"Trễ","")),"") | M5: =IFERROR(IF($N$5="Sáng",MID(K5,2,7)-MID($L$2,2,7),MID(K5,2,7)-MID($Q$2,2,7)),"") -> -0.24160813 | N5: sáng | Q5: =IF(B5<>"",IF(AND(P5="",F5=""),"Không phép ",""),"") -> Không phép | R5: =UPPER(B5) -> TRẦN VIẾT BÌNH AN | S5: 2026-2029 | T5: =IFERROR(IF(J5<>"", INDEX($S$5:$S$1433, MATCH(J5, $E$5:$E$1433, 0)),""),"") | U5: 07/3/2011 | V5: =IFERROR(IF(J5<>"", INDEX($U$5:$U$1433, MATCH(J5, $E$5:$E$1433, 0)),""),"") | Y5: 330000000 | Z5: =LEFT(Y5,8) -> 33000000 | AA5: AN
A6: =IF(B6<>"",A5+1,"") -> 2 | B6: NGUYỄN THỊ MAI ANH | C6: 10A1 | D6: 33000001 | E6: 19104651 | F6: =IFERROR(IF(VLOOKUP(E6,J:J,1,0)=E6,"X",""),"") | G6: =IF(J6<>"", INDEX($C$5:$C$1433, MATCH(J6, $E$5:$E$1433, 0)),"") -> 11A6 | H6: =IF(J6<>"", INDEX($D$5:$D$1433, MATCH(J6, $E$5:$E$1433, 0)),"") -> 0 | I6: =IFERROR(IF(J6<>"", INDEX($B$5:$B$1433, MATCH(J6, $E$5:$E$1433, 0)),""),"SAI") -> VÕ ĐÌNH THIÊN | J6: 32000764 | K6: 5:58:09 AM | L6: =IFERROR(IF($N$5="Sáng",IF(MID(K6,2,7)-MID($L$2,2,7)>0,"Trễ",""),IF(MID(K6,2,7)-MID($Q$2,2,7)>0,"Trễ","")),"") | M6: =IFERROR(IF($N$5="Sáng",MID(K6,2,7)-MID($L$2,2,7),MID(K6,2,7)-MID($Q$2,2,7)),"") -> -0.042950722 | Q6: =IF(B6<>"",IF(AND(P6="",F6=""),"Không phép ",""),"") -> Không phép | R6: =UPPER(B6) -> NGUYỄN THỊ MAI ANH | S6: 2026-2029 | T6: =IFERROR(IF(J6<>"", INDEX($S$5:$S$1433, MATCH(J6, $E$5:$E$1433, 0)),""),"") -> 2025-2028 | U6: 28/3/2011 | V6: =IFERROR(IF(J6<>"", INDEX($U$5:$U$1433, MATCH(J6, $E$5:$E$1433, 0)),""),"") -> 40454 | Y6: =Y5+10 -> 330000010 | Z6: =LEFT(Y6,8) -> 33000001 | AA6: ANH
A7: =IF(B7<>"",A6+1,"") -> 3 | B7: TRẦN HUỲNH KHÁNH BĂNG | C7: 10A1 | D7: 33000002 | E7: 19442443 | F7: =IFERROR(IF(VLOOKUP(E7,J:J,1,0)=E7,"X",""),"") | G7: =IF(J7<>"", INDEX($C$5:$C$1433, MATCH(J7, $E$5:$E$1433, 0)),"") -> 12A10 | H7: =IF(J7<>"", INDEX($D$5:$D$1433, MATCH(J7, $E$5:$E$1433, 0)),"") -> 0 | I7: =IFERROR(IF(J7<>"", INDEX($B$5:$B$1433, MATCH(J7, $E$5:$E$1433, 0)),""),"SAI") -> TRẦN PHAN MINH ĐĂNG | J7: 32000409 | K7: 6:00:55 AM | L7: =IFERROR(IF($N$5="Sáng",IF(MID(K7,2,7)-MID($L$2,2,7)>0,"Trễ",""),IF(MID(K7,2,7)-MID($Q$2,2,7)>0,"Trễ","")),"") | M7: =IFERROR(IF($N$5="Sáng",MID(K7,2,7)-MID($L$2,2,7),MID(K7,2,7)-MID($Q$2,2,7)),"") -> -0.041029426 | Q7: =IF(B7<>"",IF(AND(P7="",F7=""),"Không phép ",""),"") -> Không phép | R7: =UPPER(B7) -> TRẦN HUỲNH KHÁNH BĂNG | S7: 2026-2029 | T7: =IFERROR(IF(J7<>"", INDEX($S$5:$S$1433, MATCH(J7, $E$5:$E$1433, 0)),""),"") -> 2024-2027 | U7: 30/3/2011 | V7: =IFERROR(IF(J7<>"", INDEX($U$5:$U$1433, MATCH(J7, $E$5:$E$1433, 0)),""),"") -> 39973 | Y7: =Y6+10 -> 330000020 | Z7: =LEFT(Y7,8) -> 33000002 | AA7: BĂNG
A8: =IF(B8<>"",A7+1,"") -> 4 | B8: TRẦN NGUYỄN THẾ BẢO | C8: 10A1 | D8: 33000003 | E8: 3848235 | F8: =IFERROR(IF(VLOOKUP(E8,J:J,1,0)=E8,"X",""),"") | G8: =IF(J8<>"", INDEX($C$5:$C$1433, MATCH(J8, $E$5:$E$1433, 0)),"") -> 12A10 | H8: =IF(J8<>"", INDEX($D$5:$D$1433, MATCH(J8, $E$5:$E$1433, 0)),"") -> 0 | I8: =IFERROR(IF(J8<>"", INDEX($B$5:$B$1433, MATCH(J8, $E$5:$E$1433, 0)),""),"SAI") -> HUỲNH TẤN LỘC | J8: 32000418 | K8: 6:04:58 AM | L8: =IFERROR(IF($N$5="Sáng",IF(MID(K8,2,7)-MID($L$2,2,7)>0,"Trễ",""),IF(MID(K8,2,7)-MID($Q$2,2,7)>0,"Trễ","")),"") | M8: =IFERROR(IF($N$5="Sáng",MID(K8,2,7)-MID($L$2,2,7),MID(K8,2,7)-MID($Q$2,2,7)),"") -> -0.038216926 | Q8: =IF(B8<>"",IF(AND(P8="",F8=""),"Không phép ",""),"") -> Không phép | R8: =UPPER(B8) -> TRẦN NGUYỄN THẾ BẢO | S8: 2026-2029 | T8: =IFERROR(IF(J8<>"", INDEX($S$5:$S$1433, MATCH(J8, $E$5:$E$1433, 0)),""),"") -> 2024-2027 | U8: 24/7/2011 | V8: =IFERROR(IF(J8<>"", INDEX($U$5:$U$1433, MATCH(J8, $E$5:$E$1433, 0)),""),"") -> 29/09/2009 | Y8: =Y7+10 -> 330000030 | Z8: =LEFT(Y8,8) -> 33000003 | AA8: BẢO
A9: =IF(B9<>"",A8+1,"") -> 5 | B9: THÁI AN BÌNH | C9: 10A1 | D9: 33000004 | E9: 19510171 | F9: =IFERROR(IF(VLOOKUP(E9,J:J,1,0)=E9,"X",""),"") | G9: =IF(J9<>"", INDEX($C$5:$C$1433, MATCH(J9, $E$5:$E$1433, 0)),"") -> 12A9 | H9: =IF(J9<>"", INDEX($D$5:$D$1433, MATCH(J9, $E$5:$E$1433, 0)),"") -> 0 | I9: =IFERROR(IF(J9<>"", INDEX($B$5:$B$1433, MATCH(J9, $E$5:$E$1433, 0)),""),"SAI") -> TRẦN BẢO NGỌC | J9: 32000377 | K9: 6:06:51 AM | L9: =IFERROR(IF($N$5="Sáng",IF(MID(K9,2,7)-MID($L$2,2,7)>0,"Trễ",""),IF(MID(K9,2,7)-MID($Q$2,2,7)>0,"Trễ","")),"") | M9: =IFERROR(IF($N$5="Sáng",MID(K9,2,7)-MID($L$2,2,7),MID(K9,2,7)-MID($Q$2,2,7)),"") -> -0.036909056 | Q9: =IF(B9<>"",IF(AND(P9="",F9=""),"Không phép ",""),"") -> Không phép | R9: =UPPER(B9) -> THÁI AN BÌNH | S9: 2026-2029 | T9: =IFERROR(IF(J9<>"", INDEX($S$5:$S$1433, MATCH(J9, $E$5:$E$1433, 0)),""),"") -> 2024-2027 | U9: 18/4/2011 | V9: =IFERROR(IF(J9<>"", INDEX($U$5:$U$1433, MATCH(J9, $E$5:$E$1433, 0)),""),"") -> 40062 | Y9: =Y8+10 -> 330000040 | Z9: =LEFT(Y9,8) -> 33000004 | AA9: BÌNH
A10: =IF(B10<>"",A9+1,"") -> 6 | B10: TRẦN VŨ NAM BÌNH | C10: 10A1 | D10: 33000005 | E10: 12017163 | F10: =IFERROR(IF(VLOOKUP(E10,J:J,1,0)=E10,"X",""),"") | G10: =IF(J10<>"", INDEX($C$5:$C$1433, MATCH(J10, $E$5:$E$1433, 0)),"") -> 11A5 | H10: =IF(J10<>"", INDEX($D$5:$D$1433, MATCH(J10, $E$5:$E$1433, 0)),"") -> 0 | I10: =IFERROR(IF(J10<>"", INDEX($B$5:$B$1433, MATCH(J10, $E$5:$E$1433, 0)),""),"SAI") -> BÙI VĂN PHÚ | J10: 32000722 | K10: 6:09:25 AM | L10: =IFERROR(IF($N$5="Sáng",IF(MID(K10,2,7)-MID($L$2,2,7)>0,"Trễ",""),IF(MID(K10,2,7)-MID($Q$2,2,7)>0,"Trễ","")),"") | M10: =IFERROR(IF($N$5="Sáng",MID(K10,2,7)-MID($L$2,2,7),MID(K10,2,7)-MID($Q$2,2,7)),"") -> -0.035126648 | Q10: =IF(B10<>"",IF(AND(P10="",F10=""),"Không phép ",""),"") -> Không phép | R10: =UPPER(B10) -> TRẦN VŨ NAM BÌNH | S10: 2026-2029 | T10: =IFERROR(IF(J10<>"", INDEX($S$5:$S$1433, MATCH(J10, $E$5:$E$1433, 0)),""),"") -> 2025-2028 | U10: 24/10/2011 | V10: =IFERROR(IF(J10<>"", INDEX($U$5:$U$1433, MATCH(J10, $E$5:$E$1433, 0)),""),"") -> 40243 | Y10: =Y9+10 -> 330000050 | Z10: =LEFT(Y10,8) -> 33000005 | AA10: BÌNH
A11: =IF(B11<>"",A10+1,"") -> 7 | B11: LÝ NGUYỄN KHÁNH DI | C11: 10A1 | D11: 33000006 | E11: 19725675 | F11: =IFERROR(IF(VLOOKUP(E11,J:J,1,0)=E11,"X",""),"") | G11: =IF(J11<>"", INDEX($C$5:$C$1433, MATCH(J11, $E$5:$E$1433, 0)),"") -> 11A5 | H11: =IF(J11<>"", INDEX($D$5:$D$1433, MATCH(J11, $E$5:$E$1433, 0)),"") -> 0 | I11: =IFERROR(IF(J11<>"", INDEX($B$5:$B$1433, MATCH(J11, $E$5:$E$1433, 0)),""),"SAI") -> BÙI VĂN PHÚ | J11: 32000722 | K11: 6:09:25 AM | L11: =IFERROR(IF($N$5="Sáng",IF(MID(K11,2,7)-MID($L$2,2,7)>0,"Trễ",""),IF(MID(K11,2,7)-MID($Q$2,2,7)>0,"Trễ","")),"") | M11: =IFERROR(IF($N$5="Sáng",MID(K11,2,7)-MID($L$2,2,7),MID(K11,2,7)-MID($Q$2,2,7)),"") -> -0.035126648 | Q11: =IF(B11<>"",IF(AND(P11="",F11=""),"Không phép ",""),"") -> Không phép | R11: =UPPER(B11) -> LÝ NGUYỄN KHÁNH DI | S11: 2026-2029 | T11: =IFERROR(IF(J11<>"", INDEX($S$5:$S$1433, MATCH(J11, $E$5:$E$1433, 0)),""),"") -> 2025-2028 | U11: 09/11/2011 | V11: =IFERROR(IF(J11<>"", INDEX($U$5:$U$1433, MATCH(J11, $E$5:$E$1433, 0)),""),"") -> 40243 | Y11: =Y10+10 -> 330000060 | Z11: =LEFT(Y11,8) -> 33000006 | AA11: DI
A12: =IF(B12<>"",A11+1,"") -> 8 | B12: LÊ NGUYỄN HUYỀN DIỆU | C12: 10A1 | D12: 33000007 | E12: 19710139 | F12: =IFERROR(IF(VLOOKUP(E12,J:J,1,0)=E12,"X",""),"") | G12: =IF(J12<>"", INDEX($C$5:$C$1433, MATCH(J12, $E$5:$E$1433, 0)),"") -> 11A7 | H12: =IF(J12<>"", INDEX($D$5:$D$1433, MATCH(J12, $E$5:$E$1433, 0)),"") -> 0 | I12: =IFERROR(IF(J12<>"", INDEX($B$5:$B$1433, MATCH(J12, $E$5:$E$1433, 0)),""),"SAI") -> ĐẶNG MINH TRÍ | J12: 32000816 | K12: 6:12:52 AM | L12: =IFERROR(IF($N$5="Sáng",IF(MID(K12,2,7)-MID($L$2,2,7)>0,"Trễ",""),IF(MID(K12,2,7)-MID($Q$2,2,7)>0,"Trễ","")),"") | M12: =IFERROR(IF($N$5="Sáng",MID(K12,2,7)-MID($L$2,2,7),MID(K12,2,7)-MID($Q$2,2,7)),"") -> -0.032730815 | Q12: =IF(B12<>"",IF(AND(P12="",F12=""),"Không phép ",""),"") -> Không phép | R12: =UPPER(B12) -> LÊ NGUYỄN HUYỀN DIỆU | S12: 2026-2029 | T12: =IFERROR(IF(J12<>"", INDEX($S$5:$S$1433, MATCH(J12, $E$5:$E$1433, 0)),""),"") -> 2025-2028 | U12: 14/11/2011 | V12: =IFERROR(IF(J12<>"", INDEX($U$5:$U$1433, MATCH(J12, $E$5:$E$1433, 0)),""),"") -> 29/7/2010 | Y12: =Y11+10 -> 330000070 | Z12: =LEFT(Y12,8) -> 33000007 | AA12: DIỆU
A13: =IF(B13<>"",A12+1,"") -> 9 | B13: HỨA THANH DUNG | C13: 10A1 | D13: 33000008 | E13: 20229003 | F13: =IFERROR(IF(VLOOKUP(E13,J:J,1,0)=E13,"X",""),"") | G13: =IF(J13<>"", INDEX($C$5:$C$1433, MATCH(J13, $E$5:$E$1433, 0)),"") -> 11A9 | H13: =IF(J13<>"", INDEX($D$5:$D$1433, MATCH(J13, $E$5:$E$1433, 0)),"") -> 0 | I13: =IFERROR(IF(J13<>"", INDEX($B$5:$B$1433, MATCH(J13, $E$5:$E$1433, 0)),""),"SAI") -> LÊ NGUYỄN THIÊN PHƯỚC | J13: 32000891 | K13: 6:13:44 AM | L13: =IFERROR(IF($N$5="Sáng",IF(MID(K13,2,7)-MID($L$2,2,7)>0,"Trễ",""),IF(MID(K13,2,7)-MID($Q$2,2,7)>0,"Trễ","")),"") | M13: =IFERROR(IF($N$5="Sáng",MID(K13,2,7)-MID($L$2,2,7),MID(K13,2,7)-MID($Q$2,2,7)),"") -> -0.032128963 | Q13: =IF(B13<>"",IF(AND(P13="",F13=""),"Không phép ",""),"") -> Không phép | R13: =UPPER(B13) -> HỨA THANH DUNG | S13: 2026-2029 | T13: =IFERROR(IF(J13<>"", INDEX($S$5:$S$1433, MATCH(J13, $E$5:$E$1433, 0)),""),"") -> 2025-2028 | U13: 18/9/2011 | V13: =IFERROR(IF(J13<>"", INDEX($U$5:$U$1433, MATCH(J13, $E$5:$E$1433, 0)),""),"") -> 23/6/2010 | Y13: =Y12+10 -> 330000080 | Z13: =LEFT(Y13,8) -> 33000008 | AA13: DUNG
A14: =IF(B14<>"",A13+1,"") -> 10 | B14: PHAN NGUYỄN THÙY DƯƠNG | C14: 10A1 | D14: 33000009 | E14: 18513067 | F14: =IFERROR(IF(VLOOKUP(E14,J:J,1,0)=E14,"X",""),"") | G14: =IF(J14<>"", INDEX($C$5:$C$1433, MATCH(J14, $E$5:$E$1433, 0)),"") -> 12A7 | H14: =IF(J14<>"", INDEX($D$5:$D$1433, MATCH(J14, $E$5:$E$1433, 0)),"") -> 0 | I14: =IFERROR(IF(J14<>"", INDEX($B$5:$B$1433, MATCH(J14, $E$5:$E$1433, 0)),""),"SAI") -> Nguyễn Viết Tâm | J14: 32000478 | K14: 6:14:02 AM | L14: =IFERROR(IF($N$5="Sáng",IF(MID(K14,2,7)-MID($L$2,2,7)>0,"Trễ",""),IF(MID(K14,2,7)-MID($Q$2,2,7)>0,"Trễ","")),"") | M14: =IFERROR(IF($N$5="Sáng",MID(K14,2,7)-MID($L$2,2,7),MID(K14,2,7)-MID($Q$2,2,7)),"") -> -0.03192063 | Q14: =IF(B14<>"",IF(AND(P14="",F14=""),"Không phép ",""),"") -> Không phép | R14: =UPPER(B14) -> PHAN NGUYỄN THÙY DƯƠNG | S14: 2026-2029 | T14: =IFERROR(IF(J14<>"", INDEX($S$5:$S$1433, MATCH(J14, $E$5:$E$1433, 0)),""),"") -> 2024-2027 | U14: 29/10/2011 | V14: =IFERROR(IF(J14<>"", INDEX($U$5:$U$1433, MATCH(J14, $E$5:$E$1433, 0)),""),"") -> 19/10/2009 | Y14: =Y13+10 -> 330000090 | Z14: =LEFT(Y14,8) -> 33000009 | AA14: DƯƠNG
A15: =IF(B15<>"",A14+1,"") -> 11 | B15: THÁI LÝ GIA HÂN | C15: 10A1 | D15: 33000010 | E15: 19811195 | F15: =IFERROR(IF(VLOOKUP(E15,J:J,1,0)=E15,"X",""),"") | G15: =IF(J15<>"", INDEX($C$5:$C$1433, MATCH(J15, $E$5:$E$1433, 0)),"") -> 12A2 | H15: =IF(J15<>"", INDEX($D$5:$D$1433, MATCH(J15, $E$5:$E$1433, 0)),"") -> 0 | I15: =IFERROR(IF(J15<>"", INDEX($B$5:$B$1433, MATCH(J15, $E$5:$E$1433, 0)),""),"SAI") -> TRẦN KỲ ANH | J15: 32000048 | K15: 6:16:48 AM | L15: =IFERROR(IF($N$5="Sáng",IF(MID(K15,2,7)-MID($L$2,2,7)>0,"Trễ",""),IF(MID(K15,2,7)-MID($Q$2,2,7)>0,"Trễ","")),"") | M15: =IFERROR(IF($N$5="Sáng",MID(K15,2,7)-MID($L$2,2,7),MID(K15,2,7)-MID($Q$2,2,7)),"") -> -0.029999333 | Q15: =IF(B15<>"",IF(AND(P15="",F15=""),"Không phép ",""),"") -> Không phép | R15: =UPPER(B15) -> THÁI LÝ GIA HÂN | S15: 2026-2029 | T15: =IFERROR(IF(J15<>"", INDEX($S$5:$S$1433, MATCH(J15, $E$5:$E$1433, 0)),""),"") -> 2024-2027 | U15: 26/12/2011 | V15: =IFERROR(IF(J15<>"", INDEX($U$5:$U$1433, MATCH(J15, $E$5:$E$1433, 0)),""),"") -> 22/12/2009 | Y15: =Y14+10 -> 330000100 | Z15: =LEFT(Y15,8) -> 33000010 | AA15: HÂN
A16: =IF(B16<>"",A15+1,"") -> 12 | B16: NGUYỄN THỊ PHƯƠNG HẬU | C16: 10A1 | D16: 33000011 | E16: 17409835 | F16: =IFERROR(IF(VLOOKUP(E16,J:J,1,0)=E16,"X",""),"") | G16: =IF(J16<>"", INDEX($C$5:$C$1433, MATCH(J16, $E$5:$E$1433, 0)),"") -> 12A2 | H16: =IF(J16<>"", INDEX($D$5:$D$1433, MATCH(J16, $E$5:$E$1433, 0)),"") -> 0 | I16: =IFERROR(IF(J16<>"", INDEX($B$5:$B$1433, MATCH(J16, $E$5:$E$1433, 0)),""),"SAI") -> TRẦN KỲ ANH | J16: 32000048 | K16: 6:16:49 AM | L16: =IFERROR(IF($N$5="Sáng",IF(MID(K16,2,7)-MID($L$2,2,7)>0,"Trễ",""),IF(MID(K16,2,7)-MID($Q$2,2,7)>0,"Trễ","")),"") | M16: =IFERROR(IF($N$5="Sáng",MID(K16,2,7)-MID($L$2,2,7),MID(K16,2,7)-MID($Q$2,2,7)),"") -> -0.029987759 | Q16: =IF(B16<>"",IF(AND(P16="",F16=""),"Không phép ",""),"") -> Không phép | R16: =UPPER(B16) -> NGUYỄN THỊ PHƯƠNG HẬU | S16: 2026-2029 | T16: =IFERROR(IF(J16<>"", INDEX($S$5:$S$1433, MATCH(J16, $E$5:$E$1433, 0)),""),"") -> 2024-2027 | U16: 23/11/2011 | V16: =IFERROR(IF(J16<>"", INDEX($U$5:$U$1433, MATCH(J16, $E$5:$E$1433, 0)),""),"") -> 22/12/2009 | Y16: =Y15+10 -> 330000110 | Z16: =LEFT(Y16,8) -> 33000011 | AA16: HẬU
A17: =IF(B17<>"",A16+1,"") -> 13 | B17: TRẦN VĨ HIỆP | C17: 10A1 | D17: 33000012 | E17: 19813003 | F17: =IFERROR(IF(VLOOKUP(E17,J:J,1,0)=E17,"X",""),"") | G17: =IF(J17<>"", INDEX($C$5:$C$1433, MATCH(J17, $E$5:$E$1433, 0)),"") -> 12A10 | H17: =IF(J17<>"", INDEX($D$5:$D$1433, MATCH(J17, $E$5:$E$1433, 0)),"") -> 0 | I17: =IFERROR(IF(J17<>"", INDEX($B$5:$B$1433, MATCH(J17, $E$5:$E$1433, 0)),""),"SAI") -> VÕ DUY THÁI | J17: 32000428 | K17: 6:17:37 AM | L17: =IFERROR(IF($N$5="Sáng",IF(MID(K17,2,7)-MID($L$2,2,7)>0,"Trễ",""),IF(MID(K17,2,7)-MID($Q$2,2,7)>0,"Trễ","")),"") | M17: =IFERROR(IF($N$5="Sáng",MID(K17,2,7)-MID($L$2,2,7),MID(K17,2,7)-MID($Q$2,2,7)),"") -> -0.029432204 | Q17: =IF(B17<>"",IF(AND(P17="",F17=""),"Không phép ",""),"") -> Không phép | R17: =UPPER(B17) -> TRẦN VĨ HIỆP | S17: 2026-2029 | T17: =IFERROR(IF(J17<>"", INDEX($S$5:$S$1433, MATCH(J17, $E$5:$E$1433, 0)),""),"") -> 2024-2027 | U17: 04/01/2011 | V17: =IFERROR(IF(J17<>"", INDEX($U$5:$U$1433, MATCH(J17, $E$5:$E$1433, 0)),""),"") -> 25/07/2009 | Y17: =Y16+10 -> 330000120 | Z17: =LEFT(Y17,8) -> 33000012 | AA17: HIỆP
... A37: =IF(B37<>"",A36+1,"") -> 33 | B37: PHẠM THANH TÂM | C37: 10A1 | D37: 33000032 | E37: 20641771 | F37: =IFERROR(IF(VLOOKUP(E37,J:J,1,0)=E37,"X",""),"") | G37: =IF(J37<>"", INDEX($C$5:$C$1433, MATCH(J37, $E$5:$E$1433, 0)),"") -> 12A6 | H37: =IF(J37<>"", INDEX($D$5:$D$1433, MATCH(J37, $E$5:$E$1433, 0)),"") -> 0 | I37: =IFERROR(IF(J37<>"", INDEX($B$5:$B$1433, MATCH(J37, $E$5:$E$1433, 0)),""),"SAI") -> ĐÀO QUỐC HẢI | J37: 32000229 | K37: 6:20:56 AM | L37: =IFERROR(IF($N$5="Sáng",IF(MID(K37,2,7)-MID($L$2,2,7)>0,"Trễ",""),IF(MID(K37,2,7)-MID($Q$2,2,7)>0,"Trễ","")),"") | M37: =IFERROR(IF($N$5="Sáng",MID(K37,2,7)-MID($L$2,2,7),MID(K37,2,7)-MID($Q$2,2,7)),"") -> -0.027128963 | Q37: =IF(B37<>"",IF(AND(P37="",F37=""),"Không phép ",""),"") -> Không phép | R37: =UPPER(B37) -> PHẠM THANH TÂM | S37: 2026-2029 | T37: =IFERROR(IF(J37<>"", INDEX($S$5:$S$1433, MATCH(J37, $E$5:$E$1433, 0)),""),"") -> 2024-2027 | U37: 28/8/2011 | V37: =IFERROR(IF(J37<>"", INDEX($U$5:$U$1433, MATCH(J37, $E$5:$E$1433, 0)),""),"") -> 39879 | Y37: =Y36+10 -> 330000320 | Z37: =LEFT(Y37,8) -> 33000032 | AA37: TÂM
A38: =IF(B38<>"",A37+1,"") -> 34 | B38: CAO THẮNG | C38: 10A1 | D38: 33000033 | E38: 16746955 | F38: =IFERROR(IF(VLOOKUP(E38,J:J,1,0)=E38,"X",""),"") | G38: =IF(J38<>"", INDEX($C$5:$C$1433, MATCH(J38, $E$5:$E$1433, 0)),"") -> 12A7 | H38: =IF(J38<>"", INDEX($D$5:$D$1433, MATCH(J38, $E$5:$E$1433, 0)),"") -> 0 | I38: =IFERROR(IF(J38<>"", INDEX($B$5:$B$1433, MATCH(J38, $E$5:$E$1433, 0)),""),"SAI") -> NGUYỄN GIA PHÚC | J38: 32000289 | K38: 6:21:05 AM | L38: =IFERROR(IF($N$5="Sáng",IF(MID(K38,2,7)-MID($L$2,2,7)>0,"Trễ",""),IF(MID(K38,2,7)-MID($Q$2,2,7)>0,"Trễ","")),"") | M38: =IFERROR(IF($N$5="Sáng",MID(K38,2,7)-MID($L$2,2,7),MID(K38,2,7)-MID($Q$2,2,7)),"") -> -0.027024796 | Q38: =IF(B38<>"",IF(AND(P38="",F38=""),"Không phép ",""),"") -> Không phép | R38: =UPPER(B38) -> CAO THẮNG | S38: 2026-2029 | T38: =IFERROR(IF(J38<>"", INDEX($S$5:$S$1433, MATCH(J38, $E$5:$E$1433, 0)),""),"") -> 2024-2027 | U38: 15/01/2011 | V38: =IFERROR(IF(J38<>"", INDEX($U$5:$U$1433, MATCH(J38, $E$5:$E$1433, 0)),""),"") -> 24/05/2009 | Y38: =Y37+10 -> 330000330 | Z38: =LEFT(Y38,8) -> 33000033 | AA38: THẮNG | AB38: chỉnh lại thẻ 11 (21-1-26)
A39: =IF(B39<>"",A38+1,"") -> 35 | B39: TRIỆU HOÀNG THANH | C39: 10A1 | D39: 33000034 | E39: 20625371 | F39: =IFERROR(IF(VLOOKUP(E39,J:J,1,0)=E39,"X",""),"") | G39: =IF(J39<>"", INDEX($C$5:$C$1433, MATCH(J39, $E$5:$E$1433, 0)),"") -> 11A4 | H39: =IF(J39<>"", INDEX($D$5:$D$1433, MATCH(J39, $E$5:$E$1433, 0)),"") -> 0 | I39: =IFERROR(IF(J39<>"", INDEX($B$5:$B$1433, MATCH(J39, $E$5:$E$1433, 0)),""),"SAI") -> NGUYỄN KHÁNH VÂN | J39: 32000690 | K39: 6:21:20 AM | L39: =IFERROR(IF($N$5="Sáng",IF(MID(K39,2,7)-MID($L$2,2,7)>0,"Trễ",""),IF(MID(K39,2,7)-MID($Q$2,2,7)>0,"Trễ","")),"") | M39: =IFERROR(IF($N$5="Sáng",MID(K39,2,7)-MID($L$2,2,7),MID(K39,2,7)-MID($Q$2,2,7)),"") -> -0.026851185 | Q39: =IF(B39<>"",IF(AND(P39="",F39=""),"Không phép ",""),"") -> Không phép | R39: =UPPER(B39) -> TRIỆU HOÀNG THANH | S39: 2026-2029 | T39: =IFERROR(IF(J39<>"", INDEX($S$5:$S$1433, MATCH(J39, $E$5:$E$1433, 0)),""),"") -> 2025-2028 | U39: 04/12/2011 | V39: =IFERROR(IF(J39<>"", INDEX($U$5:$U$1433, MATCH(J39, $E$5:$E$1433, 0)),""),"") -> 40454 | Y39: =Y38+10 -> 330000340 | Z39: =LEFT(Y39,8) -> 33000034 | AA39: THANH
A40: =IF(B40<>"",A39+1,"") -> 36 | B40: LÊ NGUYỄN ANH THI | C40: 10A1 | D40: 33000035 | E40: 19653915 | F40: =IFERROR(IF(VLOOKUP(E40,J:J,1,0)=E40,"X",""),"") | G40: =IF(J40<>"", INDEX($C$5:$C$1433, MATCH(J40, $E$5:$E$1433, 0)),"") -> 12A6 | H40: =IF(J40<>"", INDEX($D$5:$D$1433, MATCH(J40, $E$5:$E$1433, 0)),"") -> 0 | I40: =IFERROR(IF(J40<>"", INDEX($B$5:$B$1433, MATCH(J40, $E$5:$E$1433, 0)),""),"SAI") -> BÙI KIM BẢO NGỌC | J40: 32000239 | K40: 6:21:31 AM | L40: =IFERROR(IF($N$5="Sáng",IF(MID(K40,2,7)-MID($L$2,2,7)>0,"Trễ",""),IF(MID(K40,2,7)-MID($Q$2,2,7)>0,"Trễ","")),"") | M40: =IFERROR(IF($N$5="Sáng",MID(K40,2,7)-MID($L$2,2,7),MID(K40,2,7)-MID($Q$2,2,7)),"") -> -0.02672387 | Q40: =IF(B40<>"",IF(AND(P40="",F40=""),"Không phép ",""),"") -> Không phép | R40: =UPPER(B40) -> LÊ NGUYỄN ANH THI | S40: 2026-2029 | T40: =IFERROR(IF(J40<>"", INDEX($S$5:$S$1433, MATCH(J40, $E$5:$E$1433, 0)),""),"") -> 2024-2027 | U40: 14/8/2011 | V40: =IFERROR(IF(J40<>"", INDEX($U$5:$U$1433, MATCH(J40, $E$5:$E$1433, 0)),""),"") -> 40030 | Y40: =Y39+10 -> 330000350 | Z40: =LEFT(Y40,8) -> 33000035 | AA40: THI
A41: =IF(B41<>"",A40+1,"") -> 37 | B41: NGUYỄN LÊ GIA THỊNH | C41: 10A1 | D41: 33000036 | E41: 19111707 | F41: =IFERROR(IF(VLOOKUP(E41,J:J,1,0)=E41,"X",""),"") | G41: =IF(J41<>"", INDEX($C$5:$C$1433, MATCH(J41, $E$5:$E$1433, 0)),"") -> 12A11 | H41: =IF(J41<>"", INDEX($D$5:$D$1433, MATCH(J41, $E$5:$E$1433, 0)),"") -> 0 | I41: =IFERROR(IF(J41<>"", INDEX($B$5:$B$1433, MATCH(J41, $E$5:$E$1433, 0)),""),"SAI") -> PHAN THỊ MỸ TIÊN | J41: 32000467 | K41: 6:21:34 AM | L41: =IFERROR(IF($N$5="Sáng",IF(MID(K41,2,7)-MID($L$2,2,7)>0,"Trễ",""),IF(MID(K41,2,7)-MID($Q$2,2,7)>0,"Trễ","")),"") | M41: =IFERROR(IF($N$5="Sáng",MID(K41,2,7)-MID($L$2,2,7),MID(K41,2,7)-MID($Q$2,2,7)),"") -> -0.026689148 | Q41: =IF(B41<>"",IF(AND(P41="",F41=""),"Không phép ",""),"") -> Không phép | R41: =UPPER(B41) -> NGUYỄN LÊ GIA THỊNH | S41: 2026-2029 | T41: =IFERROR(IF(J41<>"", INDEX($S$5:$S$1433, MATCH(J41, $E$5:$E$1433, 0)),""),"") -> 2024-2027 | U41: 27/01/2011 | V41: =IFERROR(IF(J41<>"", INDEX($U$5:$U$1433, MATCH(J41, $E$5:$E$1433, 0)),""),"") -> 39847 | Y41: =Y40+10 -> 330000360 | Z41: =LEFT(Y41,8) -> 33000036 | AA41: THỊNH
A42: =IF(B42<>"",A41+1,"") -> 38 | B42: VÕ GIA THỊNH | C42: 10A1 | D42: 33000037 | E42: 19519387 | F42: =IFERROR(IF(VLOOKUP(E42,J:J,1,0)=E42,"X",""),"") | G42: =IF(J42<>"", INDEX($C$5:$C$1433, MATCH(J42, $E$5:$E$1433, 0)),"") -> 12A11 | H42: =IF(J42<>"", INDEX($D$5:$D$1433, MATCH(J42, $E$5:$E$1433, 0)),"") -> 0 | I42: =IFERROR(IF(J42<>"", INDEX($B$5:$B$1433, MATCH(J42, $E$5:$E$1433, 0)),""),"SAI") -> PHAN THỊ MỸ TIÊN | J42: 32000467 | K42: 6:21:35 AM | L42: =IFERROR(IF($N$5="Sáng",IF(MID(K42,2,7)-MID($L$2,2,7)>0,"Trễ",""),IF(MID(K42,2,7)-MID($Q$2,2,7)>0,"Trễ","")),"") | M42: =IFERROR(IF($N$5="Sáng",MID(K42,2,7)-MID($L$2,2,7),MID(K42,2,7)-MID($Q$2,2,7)),"") -> -0.026677574 | Q42: =IF(B42<>"",IF(AND(P42="",F42=""),"Không phép ",""),"") -> Không phép | R42: =UPPER(B42) -> VÕ GIA THỊNH | S42: 2026-2029 | T42: =IFERROR(IF(J42<>"", INDEX($S$5:$S$1433, MATCH(J42, $E$5:$E$1433, 0)),""),"") -> 2024-2027 | U42: 16/02/2011 | V42: =IFERROR(IF(J42<>"", INDEX($U$5:$U$1433, MATCH(J42, $E$5:$E$1433, 0)),""),"") -> 39847 | Y42: =Y41+10 -> 330000370 | Z42: =LEFT(Y42,8) -> 33000037 | AA42: THỊNH
A43: =IF(B43<>"",A42+1,"") -> 39 | B43: LƯ TRẦN MINH THƯ | C43: 10A1 | D43: 33000038 | E43: 20646027 | F43: =IFERROR(IF(VLOOKUP(E43,J:J,1,0)=E43,"X",""),"") | G43: =IF(J43<>"", INDEX($C$5:$C$1433, MATCH(J43, $E$5:$E$1433, 0)),"") -> 12A2 | H43: =IF(J43<>"", INDEX($D$5:$D$1433, MATCH(J43, $E$5:$E$1433, 0)),"") -> 0 | I43: =IFERROR(IF(J43<>"", INDEX($B$5:$B$1433, MATCH(J43, $E$5:$E$1433, 0)),""),"SAI") -> TRẦN BẢO HÂN | J43: 32000059 | K43: 6:22:03 AM | L43: =IFERROR(IF($N$5="Sáng",IF(MID(K43,2,7)-MID($L$2,2,7)>0,"Trễ",""),IF(MID(K43,2,7)-MID($Q$2,2,7)>0,"Trễ","")),"") | M43: =IFERROR(IF($N$5="Sáng",MID(K43,2,7)-MID($L$2,2,7),MID(K43,2,7)-MID($Q$2,2,7)),"") -> -0.0263535 | Q43: =IF(B43<>"",IF(AND(P43="",F43=""),"Không phép ",""),"") -> Không phép | R43: =UPPER(B43) -> LƯ TRẦN MINH THƯ | S43: 2026-2029 | T43: =IFERROR(IF(J43<>"", INDEX($S$5:$S$1433, MATCH(J43, $E$5:$E$1433, 0)),""),"") -> 2024-2027 | U43: 21/12/2011 | V43: =IFERROR(IF(J43<>"", INDEX($U$5:$U$1433, MATCH(J43, $E$5:$E$1433, 0)),""),"") -> 21/03/2009 | Y43: =Y42+10 -> 330000380 | Z43: =LEFT(Y43,8) -> 33000038 | AA43: THƯ
A44: =IF(B44<>"",A43+1,"") -> 40 | B44: NGUYỄN ĐẶNG MINH THƯ | C44: 10A1 | D44: 33000039 | E44: 20540187 | F44: =IFERROR(IF(VLOOKUP(E44,J:J,1,0)=E44,"X",""),"") | G44: =IF(J44<>"", INDEX($C$5:$C$1433, MATCH(J44, $E$5:$E$1433, 0)),"") -> 12A2 | H44: =IF(J44<>"", INDEX($D$5:$D$1433, MATCH(J44, $E$5:$E$1433, 0)),"") -> 0 | I44: =IFERROR(IF(J44<>"", INDEX($B$5:$B$1433, MATCH(J44, $E$5:$E$1433, 0)),""),"SAI") -> TRẦN BẢO HÂN | J44: 32000059 | K44: 6:22:04 AM | L44: =IFERROR(IF($N$5="Sáng",IF(MID(K44,2,7)-MID($L$2,2,7)>0,"Trễ",""),IF(MID(K44,2,7)-MID($Q$2,2,7)>0,"Trễ","")),"") | M44: =IFERROR(IF($N$5="Sáng",MID(K44,2,7)-MID($L$2,2,7),MID(K44,2,7)-MID($Q$2,2,7)),"") -> -0.026341926 | Q44: =IF(B44<>"",IF(AND(P44="",F44=""),"Không phép ",""),"") -> Không phép | R44: =UPPER(B44) -> NGUYỄN ĐẶNG MINH THƯ | S44: 2026-2029 | T44: =IFERROR(IF(J44<>"", INDEX($S$5:$S$1433, MATCH(J44, $E$5:$E$1433, 0)),""),"") -> 2024-2027 | U44: 19/7/2011 | V44: =IFERROR(IF(J44<>"", INDEX($U$5:$U$1433, MATCH(J44, $E$5:$E$1433, 0)),""),"") -> 21/03/2009 | Y44: =Y43+10 -> 330000390 | Z44: =LEFT(Y44,8) -> 33000039 | AA44: THƯ
A45: =IF(B45<>"",A44+1,"") -> 41 | B45: TRƯƠNG NGỌC ANH THƯ | C45: 10A1 | D45: 33000040 | E45: 19861003 | F45: =IFERROR(IF(VLOOKUP(E45,J:J,1,0)=E45,"X",""),"") | G45: =IF(J45<>"", INDEX($C$5:$C$1433, MATCH(J45, $E$5:$E$1433, 0)),"") -> 12A2 | H45: =IF(J45<>"", INDEX($D$5:$D$1433, MATCH(J45, $E$5:$E$1433, 0)),"") -> 0 | I45: =IFERROR(IF(J45<>"", INDEX($B$5:$B$1433, MATCH(J45, $E$5:$E$1433, 0)),""),"SAI") -> TRẦN BẢO HÂN | J45: 32000059 | K45: 6:22:05 AM | L45: =IFERROR(IF($N$5="Sáng",IF(MID(K45,2,7)-MID($L$2,2,7)>0,"Trễ",""),IF(MID(K45,2,7)-MID($Q$2,2,7)>0,"Trễ","")),"") | M45: =IFERROR(IF($N$5="Sáng",MID(K45,2,7)-MID($L$2,2,7),MID(K45,2,7)-MID($Q$2,2,7)),"") -> -0.026330352 | Q45: =IF(B45<>"",IF(AND(P45="",F45=""),"Không phép ",""),"") -> Không phép | R45: =UPPER(B45) -> TRƯƠNG NGỌC ANH THƯ | S45: 2026-2029 | T45: =IFERROR(IF(J45<>"", INDEX($S$5:$S$1433, MATCH(J45, $E$5:$E$1433, 0)),""),"") -> 2024-2027 | U45: 25/4/2011 | V45: =IFERROR(IF(J45<>"", INDEX($U$5:$U$1433, MATCH(J45, $E$5:$E$1433, 0)),""),"") -> 21/03/2009 | Y45: =Y44+10 -> 330000400 | Z45: =LEFT(Y45,8) -> 33000040 | AA45: THƯ
A46: =IF(B46<>"",A45+1,"") -> 42 | B46: VÕ THỊ MINH THƯ | C46: 10A1 | D46: 33000041 | E46: 19139803 | F46: =IFERROR(IF(VLOOKUP(E46,J:J,1,0)=E46,"X",""),"") | G46: =IF(J46<>"", INDEX($C$5:$C$1433, MATCH(J46, $E$5:$E$1433, 0)),"") -> 11A3 | H46: =IF(J46<>"", INDEX($D$5:$D$1433, MATCH(J46, $E$5:$E$1433, 0)),"") -> 0 | I46: =IFERROR(IF(J46<>"", INDEX($B$5:$B$1433, MATCH(J46, $E$5:$E$1433, 0)),""),"SAI") -> ĐỖ QUỐC VIỆT | J46: 32000647 | K46: 6:22:06 AM | L46: =IFERROR(IF($N$5="Sáng",IF(MID(K46,2,7)-MID($L$2,2,7)>0,"Trễ",""),IF(MID(K46,2,7)-MID($Q$2,2,7)>0,"Trễ","")),"") | M46: =IFERROR(IF($N$5="Sáng",MID(K46,2,7)-MID($L$2,2,7),MID(K46,2,7)-MID($Q$2,2,7)),"") -> -0.026318778 | Q46: =IF(B46<>"",IF(AND(P46="",F46=""),"Không phép ",""),"") -> Không phép | R46: =UPPER(B46) -> VÕ THỊ MINH THƯ | S46: 2026-2029 | T46: =IFERROR(IF(J46<>"", INDEX($S$5:$S$1433, MATCH(J46, $E$5:$E$1433, 0)),""),"") -> 2025-2028 | U46: 02/3/2011 | V46: =IFERROR(IF(J46<>"", INDEX($U$5:$U$1433, MATCH(J46, $E$5:$E$1433, 0)),""),"") -> 24/8/2010 | Y46: =Y45+10 -> 330000410 | Z46: =LEFT(Y46,8) -> 33000041 | AA46: THƯ
A47: =IF(B47<>"",A46+1,"") -> 43 | B47: NGUYỄN LÂM THUẬN | C47: 10A1 | D47: 33000042 | E47: 17747115 | F47: =IFERROR(IF(VLOOKUP(E47,J:J,1,0)=E47,"X",""),"") | G47: =IF(J47<>"", INDEX($C$5:$C$1433, MATCH(J47, $E$5:$E$1433, 0)),"") -> 12A6 | H47: =IF(J47<>"", INDEX($D$5:$D$1433, MATCH(J47, $E$5:$E$1433, 0)),"") -> 0 | I47: =IFERROR(IF(J47<>"", INDEX($B$5:$B$1433, MATCH(J47, $E$5:$E$1433, 0)),""),"SAI") -> TRẦN THANH TUẤN | J47: 32000260 | K47: 6:22:30 AM | L47: =IFERROR(IF($N$5="Sáng",IF(MID(K47,2,7)-MID($L$2,2,7)>0,"Trễ",""),IF(MID(K47,2,7)-MID($Q$2,2,7)>0,"Trễ","")),"") | M47: =IFERROR(IF($N$5="Sáng",MID(K47,2,7)-MID($L$2,2,7),MID(K47,2,7)-MID($Q$2,2,7)),"") -> -0.026041 | Q47: =IF(B47<>"",IF(AND(P47="",F47=""),"Không phép ",""),"") -> Không phép | R47: =UPPER(B47) -> NGUYỄN LÂM THUẬN | S47: 2026-2029 | T47: =IFERROR(IF(J47<>"", INDEX($S$5:$S$1433, MATCH(J47, $E$5:$E$1433, 0)),""),"") -> 2024-2027 | U47: 18/3/2010 | V47: =IFERROR(IF(J47<>"", INDEX($U$5:$U$1433, MATCH(J47, $E$5:$E$1433, 0)),""),"") -> 15/10/2009 | Y47: =Y46+10 -> 330000420 | Z47: =LEFT(Y47,8) -> 33000042 | AA47: THUẬN
A48: =IF(B48<>"",A47+1,"") -> 44 | B48: LÊ PHÚC TƯỜNG | C48: 10A1 | D48: 33000043 | E48: 20506555 | F48: =IFERROR(IF(VLOOKUP(E48,J:J,1,0)=E48,"X",""),"") | G48: =IF(J48<>"", INDEX($C$5:$C$1433, MATCH(J48, $E$5:$E$1433, 0)),"") -> 12A6 | H48: =IF(J48<>"", INDEX($D$5:$D$1433, MATCH(J48, $E$5:$E$1433, 0)),"") -> 0 | I48: =IFERROR(IF(J48<>"", INDEX($B$5:$B$1433, MATCH(J48, $E$5:$E$1433, 0)),""),"SAI") -> TRẦN THANH TUẤN | J48: 32000260 | K48: 6:22:31 AM | L48: =IFERROR(IF($N$5="Sáng",IF(MID(K48,2,7)-MID($L$2,2,7)>0,"Trễ",""),IF(MID(K48,2,7)-MID($Q$2,2,7)>0,"Trễ","")),"") | M48: =IFERROR(IF($N$5="Sáng",MID(K48,2,7)-MID($L$2,2,7),MID(K48,2,7)-MID($Q$2,2,7)),"") -> -0.026029426 | Q48: =IF(B48<>"",IF(AND(P48="",F48=""),"Không phép ",""),"") -> Không phép | R48: =UPPER(B48) -> LÊ PHÚC TƯỜNG | S48: 2026-2029 | T48: =IFERROR(IF(J48<>"", INDEX($S$5:$S$1433, MATCH(J48, $E$5:$E$1433, 0)),""),"") -> 2024-2027 | U48: 16/10/2011 | V48: =IFERROR(IF(J48<>"", INDEX($U$5:$U$1433, MATCH(J48, $E$5:$E$1433, 0)),""),"") -> 15/10/2009 | Y48: =Y47+10 -> 330000430 | Z48: =LEFT(Y48,8) -> 33000043 | AA48: TƯỜNG
A49: =IF(B49<>"",A48+1,"") -> 45 | B49: VÕ NGỌC NHƯ Ý | C49: 10A1 | D49: 33000044 | E49: 20628043 | F49: =IFERROR(IF(VLOOKUP(E49,J:J,1,0)=E49,"X",""),"") | G49: =IF(J49<>"", INDEX($C$5:$C$1433, MATCH(J49, $E$5:$E$1433, 0)),"") -> 12A6 | H49: =IF(J49<>"", INDEX($D$5:$D$1433, MATCH(J49, $E$5:$E$1433, 0)),"") -> 0 | I49: =IFERROR(IF(J49<>"", INDEX($B$5:$B$1433, MATCH(J49, $E$5:$E$1433, 0)),""),"SAI") -> MAI NGUYỄN MINH NHẬT | J49: 32000242 | K49: 6:22:39 AM | L49: =IFERROR(IF($N$5="Sáng",IF(MID(K49,2,7)-MID($L$2,2,7)>0,"Trễ",""),IF(MID(K49,2,7)-MID($Q$2,2,7)>0,"Trễ","")),"") | M49: =IFERROR(IF($N$5="Sáng",MID(K49,2,7)-MID($L$2,2,7),MID(K49,2,7)-MID($Q$2,2,7)),"") -> -0.025936833 | Q49: =IF(B49<>"",IF(AND(P49="",F49=""),"Không phép ",""),"") -> Không phép | R49: =UPPER(B49) -> VÕ NGỌC NHƯ Ý | S49: 2026-2029 | T49: =IFERROR(IF(J49<>"", INDEX($S$5:$S$1433, MATCH(J49, $E$5:$E$1433, 0)),""),"") -> 2024-2027 | U49: 26/3/2011 | V49: =IFERROR(IF(J49<>"", INDEX($U$5:$U$1433, MATCH(J49, $E$5:$E$1433, 0)),""),"") -> 22/12/2009 | Y49: =Y48+10 -> 330000440 | Z49: =LEFT(Y49,8) -> 33000044 | AA49: Ý
A50: =IF(B50<>"",A49+1,"") -> 46 | B50: LÊ NGỌC HẢI YẾN | C50: 10A1 | D50: 33000045 | E50: 19148971 | F50: =IFERROR(IF(VLOOKUP(E50,J:J,1,0)=E50,"X",""),"") | G50: =IF(J50<>"", INDEX($C$5:$C$1433, MATCH(J50, $E$5:$E$1433, 0)),"") -> 12A6 | H50: =IF(J50<>"", INDEX($D$5:$D$1433, MATCH(J50, $E$5:$E$1433, 0)),"") -> 0 | I50: =IFERROR(IF(J50<>"", INDEX($B$5:$B$1433, MATCH(J50, $E$5:$E$1433, 0)),""),"SAI") -> VU HOÀNG THÔNG | J50: 32000251 | K50: 6:22:41 AM | L50: =IFERROR(IF($N$5="Sáng",IF(MID(K50,2,7)-MID($L$2,2,7)>0,"Trễ",""),IF(MID(K50,2,7)-MID($Q$2,2,7)>0,"Trễ","")),"") | M50: =IFERROR(IF($N$5="Sáng",MID(K50,2,7)-MID($L$2,2,7),MID(K50,2,7)-MID($Q$2,2,7)),"") -> -0.025913685 | Q50: =IF(B50<>"",IF(AND(P50="",F50=""),"Không phép ",""),"") -> Không phép | R50: =UPPER(B50) -> LÊ NGỌC HẢI YẾN | S50: 2026-2029 | T50: =IFERROR(IF(J50<>"", INDEX($S$5:$S$1433, MATCH(J50, $E$5:$E$1433, 0)),""),"") -> 2024-2027 | U50: 16/5/2011 | V50: =IFERROR(IF(J50<>"", INDEX($U$5:$U$1433, MATCH(J50, $E$5:$E$1433, 0)),""),"") -> 39969 | Y50: =Y49+10 -> 330000450 | Z50: =LEFT(Y50,8) -> 33000045 | AA50: YẾN
... A107: =IF(B107<>"",A106+1,"") -> 103 | B107: LƯƠNG LƯU MỸ KHÁNH | C107: 10A11 | D107: 33000102 | E107: 12725531 | F107: =IFERROR(IF(VLOOKUP(E107,J:J,1,0)=E107,"X",""),"") | G107: =IF(J107<>"", INDEX($C$5:$C$1433, MATCH(J107, $E$5:$E$1433, 0)),"") -> 12A3 | H107: =IF(J107<>"", INDEX($D$5:$D$1433, MATCH(J107, $E$5:$E$1433, 0)),"") -> 0 | I107: =IFERROR(IF(J107<>"", INDEX($B$5:$B$1433, MATCH(J107, $E$5:$E$1433, 0)),""),"SAI") -> NGUYỄN THANH THIÊN | J107: 32000125 | K107: 6:28:01 AM | L107: =IFERROR(IF($N$5="Sáng",IF(MID(K107,2,7)-MID($L$2,2,7)>0,"Trễ",""),IF(MID(K107,2,7)-MID($Q$2,2,7)>0,"Trễ","")),"") | M107: =IFERROR(IF($N$5="Sáng",MID(K107,2,7)-MID($L$2,2,7),MID(K107,2,7)-MID($Q$2,2,7)),"") -> -0.022209981 | Q107: =IF(B107<>"",IF(AND(P107="",F107=""),"Không phép ",""),"") -> Không phép | R107: =UPPER(B107) -> LƯƠNG LƯU MỸ KHÁNH | S107: 2026-2029 | T107: =IFERROR(IF(J107<>"", INDEX($S$5:$S$1433, MATCH(J107, $E$5:$E$1433, 0)),""),"") -> 2024-2027 | U107: 02/3/2011 | V107: =IFERROR(IF(J107<>"", INDEX($U$5:$U$1433, MATCH(J107, $E$5:$E$1433, 0)),""),"") -> 40119 | Y107: =Y106+10 -> 330001020 | Z107: =LEFT(Y107,8) -> 33000102 | AA107: KHÁNH
A108: =IF(B108<>"",A107+1,"") -> 104 | B108: LÂM KHÔI | C108: 10A11 | D108: 33000103 | E108: 19562107 | G108: =IF(J108<>"", INDEX($C$5:$C$1433, MATCH(J108, $E$5:$E$1433, 0)),"") -> 12A7 | H108: =IF(J108<>"", INDEX($D$5:$D$1433, MATCH(J108, $E$5:$E$1433, 0)),"") -> 0 | I108: =IFERROR(IF(J108<>"", INDEX($B$5:$B$1433, MATCH(J108, $E$5:$E$1433, 0)),""),"SAI") -> NGUYỄN CHÍ TƯỜNG | J108: 32000306 | K108: 6:28:03 AM | L108: =IFERROR(IF($N$5="Sáng",IF(MID(K108,2,7)-MID($L$2,2,7)>0,"Trễ",""),IF(MID(K108,2,7)-MID($Q$2,2,7)>0,"Trễ","")),"") | M108: =IFERROR(IF($N$5="Sáng",MID(K108,2,7)-MID($L$2,2,7),MID(K108,2,7)-MID($Q$2,2,7)),"") -> -0.022186833 | Q108: =IF(B108<>"",IF(AND(P108="",F108=""),"Không phép ",""),"") -> Không phép | R108: =UPPER(B108) -> LÂM KHÔI | S108: 2026-2029 | T108: =IFERROR(IF(J108<>"", INDEX($S$5:$S$1433, MATCH(J108, $E$5:$E$1433, 0)),""),"") -> 2024-2027 | U108: 02/12/2011 | V108: =IFERROR(IF(J108<>"", INDEX($U$5:$U$1433, MATCH(J108, $E$5:$E$1433, 0)),""),"") -> 16/01/2009 | Y108: =Y107+10 -> 330001030 | Z108: =LEFT(Y108,8) -> 33000103 | AA108: KHÔI
A109: =IF(B109<>"",A108+1,"") -> 105 | B109: DANH KIỆT | C109: 10A11 | D109: 33000104 | E109: 20605435 | G109: =IF(J109<>"", INDEX($C$5:$C$1433, MATCH(J109, $E$5:$E$1433, 0)),"") -> 12A7 | H109: =IF(J109<>"", INDEX($D$5:$D$1433, MATCH(J109, $E$5:$E$1433, 0)),"") -> 0 | I109: =IFERROR(IF(J109<>"", INDEX($B$5:$B$1433, MATCH(J109, $E$5:$E$1433, 0)),""),"SAI") -> NGUYỄN CHÍ TƯỜNG | J109: 32000306 | K109: 6:28:04 AM | L109: =IFERROR(IF($N$5="Sáng",IF(MID(K109,2,7)-MID($L$2,2,7)>0,"Trễ",""),IF(MID(K109,2,7)-MID($Q$2,2,7)>0,"Trễ","")),"") | M109: =IFERROR(IF($N$5="Sáng",MID(K109,2,7)-MID($L$2,2,7),MID(K109,2,7)-MID($Q$2,2,7)),"") -> -0.022175259 | Q109: =IF(B109<>"",IF(AND(P109="",F109=""),"Không phép ",""),"") -> Không phép | R109: =UPPER(B109) -> DANH KIỆT | S109: 2026-2029 | T109: =IFERROR(IF(J109<>"", INDEX($S$5:$S$1433, MATCH(J109, $E$5:$E$1433, 0)),""),"") -> 2024-2027 | U109: 06/12/2010 | V109: =IFERROR(IF(J109<>"", INDEX($U$5:$U$1433, MATCH(J109, $E$5:$E$1433, 0)),""),"") -> 16/01/2009 | Y109: =Y108+10 -> 330001040 | Z109: =LEFT(Y109,8) -> 33000104 | AA109: KIỆT
A110: =IF(B110<>"",A109+1,"") -> 106 | B110: TRẦN ANH KIỆT | C110: 10A11 | D110: 33000105 | E110: 19027595 | G110: =IF(J110<>"", INDEX($C$5:$C$1433, MATCH(J110, $E$5:$E$1433, 0)),"") -> 12A7 | H110: =IF(J110<>"", INDEX($D$5:$D$1433, MATCH(J110, $E$5:$E$1433, 0)),"") -> 0 | I110: =IFERROR(IF(J110<>"", INDEX($B$5:$B$1433, MATCH(J110, $E$5:$E$1433, 0)),""),"SAI") -> NGUYỄN CHÍ TƯỜNG | J110: 32000306 | K110: 6:28:05 AM | L110: =IFERROR(IF($N$5="Sáng",IF(MID(K110,2,7)-MID($L$2,2,7)>0,"Trễ",""),IF(MID(K110,2,7)-MID($Q$2,2,7)>0,"Trễ","")),"") | M110: =IFERROR(IF($N$5="Sáng",MID(K110,2,7)-MID($L$2,2,7),MID(K110,2,7)-MID($Q$2,2,7)),"") -> -0.022163685 | R110: =UPPER(B110) -> TRẦN ANH KIỆT | S110: 2026-2029 | T110: =IFERROR(IF(J110<>"", INDEX($S$5:$S$1433, MATCH(J110, $E$5:$E$1433, 0)),""),"") -> 2024-2027 | U110: 12/6/2010 | V110: =IFERROR(IF(J110<>"", INDEX($U$5:$U$1433, MATCH(J110, $E$5:$E$1433, 0)),""),"") -> 16/01/2009 | Y110: =Y109+10 -> 330001050 | Z110: =LEFT(Y110,8) -> 33000105 | AA110: KIỆT
A111: =IF(B111<>"",A110+1,"") -> 107 | B111: LÊ NGỌC THIÊN KIM | C111: 10A11 | D111: 33000106 | E111: 20604603 | G111: =IF(J111<>"", INDEX($C$5:$C$1433, MATCH(J111, $E$5:$E$1433, 0)),"") -> 12A5 | H111: =IF(J111<>"", INDEX($D$5:$D$1433, MATCH(J111, $E$5:$E$1433, 0)),"") -> 0 | I111: =IFERROR(IF(J111<>"", INDEX($B$5:$B$1433, MATCH(J111, $E$5:$E$1433, 0)),""),"SAI") -> NGUYỄN THỊ NGỌC TRÚC | J111: 32000220 | K111: 6:28:11 AM | L111: =IFERROR(IF($N$5="Sáng",IF(MID(K111,2,7)-MID($L$2,2,7)>0,"Trễ",""),IF(MID(K111,2,7)-MID($Q$2,2,7)>0,"Trễ","")),"") | M111: =IFERROR(IF($N$5="Sáng",MID(K111,2,7)-MID($L$2,2,7),MID(K111,2,7)-MID($Q$2,2,7)),"") -> -0.022094241 | S111: 2026-2029 | T111: =IFERROR(IF(J111<>"", INDEX($S$5:$S$1433, MATCH(J111, $E$5:$E$1433, 0)),""),"") -> 2024-2027 | U111: 07/6/2011 | V111: =IFERROR(IF(J111<>"", INDEX($U$5:$U$1433, MATCH(J111, $E$5:$E$1433, 0)),""),"") -> 17/05/2009 | Y111: =Y110+10 -> 330001060 | Z111: =LEFT(Y111,8) -> 33000106 | AA111: KIM
A112: =IF(B112<>"",A111+1,"") -> 108 | B112: PHAN NGỌC MỸ KIM | C112: 10A11 | D112: 33000107 | E112: 20626651 | G112: =IF(J112<>"", INDEX($C$5:$C$1433, MATCH(J112, $E$5:$E$1433, 0)),"") -> 11A9 | H112: =IF(J112<>"", INDEX($D$5:$D$1433, MATCH(J112, $E$5:$E$1433, 0)),"") -> 0 | I112: =IFERROR(IF(J112<>"", INDEX($B$5:$B$1433, MATCH(J112, $E$5:$E$1433, 0)),""),"SAI") -> LÊ HỒNG PHÚC | J112: 32000890 | K112: 6:28:32 AM | L112: =IFERROR(IF($N$5="Sáng",IF(MID(K112,2,7)-MID($L$2,2,7)>0,"Trễ",""),IF(MID(K112,2,7)-MID($Q$2,2,7)>0,"Trễ","")),"") | M112: =IFERROR(IF($N$5="Sáng",MID(K112,2,7)-MID($L$2,2,7),MID(K112,2,7)-MID($Q$2,2,7)),"") -> -0.021851185 | S112: 2026-2029 | T112: =IFERROR(IF(J112<>"", INDEX($S$5:$S$1433, MATCH(J112, $E$5:$E$1433, 0)),""),"") -> 2025-2028 | U112: 20/5/2011 | V112: =IFERROR(IF(J112<>"", INDEX($U$5:$U$1433, MATCH(J112, $E$5:$E$1433, 0)),""),"") -> 22/02/2010 | Y112: =Y111+10 -> 330001070 | Z112: =LEFT(Y112,8) -> 33000107 | AA112: KIM
A113: =IF(B113<>"",A112+1,"") -> 109 | B113: DANH THỊ THANH LAM | C113: 10A11 | D113: 33000108 | E113: 19454539 | G113: =IF(J113<>"", INDEX($C$5:$C$1433, MATCH(J113, $E$5:$E$1433, 0)),"") -> 12A5 | H113: =IF(J113<>"", INDEX($D$5:$D$1433, MATCH(J113, $E$5:$E$1433, 0)),"") -> 0 | I113: =IFERROR(IF(J113<>"", INDEX($B$5:$B$1433, MATCH(J113, $E$5:$E$1433, 0)),""),"SAI") -> NGUYỄN THỊ YẾN NHI | J113: 32000208 | K113: 6:28:34 AM | L113: =IFERROR(IF($N$5="Sáng",IF(MID(K113,2,7)-MID($L$2,2,7)>0,"Trễ",""),IF(MID(K113,2,7)-MID($Q$2,2,7)>0,"Trễ","")),"") | M113: =IFERROR(IF($N$5="Sáng",MID(K113,2,7)-MID($L$2,2,7),MID(K113,2,7)-MID($Q$2,2,7)),"") -> -0.021828037 | S113: 2026-2029 | T113: =IFERROR(IF(J113<>"", INDEX($S$5:$S$1433, MATCH(J113, $E$5:$E$1433, 0)),""),"") -> 2024-2027 | U113: 18/3/2011 | V113: =IFERROR(IF(J113<>"", INDEX($U$5:$U$1433, MATCH(J113, $E$5:$E$1433, 0)),""),"") -> 40122 | Y113: =Y112+10 -> 330001080 | Z113: =LEFT(Y113,8) -> 33000108 | AA113: LAM
A114: =IF(B114<>"",A113+1,"") -> 110 | B114: NGUYỄN VÕ THÙY LÂM | C114: 10A11 | D114: 33000109 | E114: 20635643 | G114: =IF(J114<>"", INDEX($C$5:$C$1433, MATCH(J114, $E$5:$E$1433, 0)),"") -> 11A8 | H114: =IF(J114<>"", INDEX($D$5:$D$1433, MATCH(J114, $E$5:$E$1433, 0)),"") -> 0 | I114: =IFERROR(IF(J114<>"", INDEX($B$5:$B$1433, MATCH(J114, $E$5:$E$1433, 0)),""),"SAI") -> LÂM QUỐC HUY | J114: 32000832 | K114: 6:28:38 AM | L114: =IFERROR(IF($N$5="Sáng",IF(MID(K114,2,7)-MID($L$2,2,7)>0,"Trễ",""),IF(MID(K114,2,7)-MID($Q$2,2,7)>0,"Trễ","")),"") | M114: =IFERROR(IF($N$5="Sáng",MID(K114,2,7)-MID($L$2,2,7),MID(K114,2,7)-MID($Q$2,2,7)),"") -> -0.021781741 | S114: 2026-2029 | T114: =IFERROR(IF(J114<>"", INDEX($S$5:$S$1433, MATCH(J114, $E$5:$E$1433, 0)),""),"") -> 2025-2028 | U114: 15/3/2011 | V114: =IFERROR(IF(J114<>"", INDEX($U$5:$U$1433, MATCH(J114, $E$5:$E$1433, 0)),""),"") -> 17/02/2010 | Y114: =Y113+10 -> 330001090 | Z114: =LEFT(Y114,8) -> 33000109 | AA114: LÂM
A115: =IF(B115<>"",A114+1,"") -> 111 | B115: HUỲNH THỊ THU LAN | C115: 10A11 | D115: 33000110 | E115: 19062651 | G115: =IF(J115<>"", INDEX($C$5:$C$1433, MATCH(J115, $E$5:$E$1433, 0)),"") -> 12A10 | H115: =IF(J115<>"", INDEX($D$5:$D$1433, MATCH(J115, $E$5:$E$1433, 0)),"") -> 0 | I115: =IFERROR(IF(J115<>"", INDEX($B$5:$B$1433, MATCH(J115, $E$5:$E$1433, 0)),""),"SAI") -> NGUYỄN THỊ THÚY HƯƠNG | J115: 32000416 | K115: 6:28:41 AM | L115: =IFERROR(IF($N$5="Sáng",IF(MID(K115,2,7)-MID($L$2,2,7)>0,"Trễ",""),IF(MID(K115,2,7)-MID($Q$2,2,7)>0,"Trễ","")),"") | M115: =IFERROR(IF($N$5="Sáng",MID(K115,2,7)-MID($L$2,2,7),MID(K115,2,7)-MID($Q$2,2,7)),"") -> -0.021747019 | S115: 2026-2029 | T115: =IFERROR(IF(J115<>"", INDEX($S$5:$S$1433, MATCH(J115, $E$5:$E$1433, 0)),""),"") -> 2024-2027 | U115: 08/8/2011 | V115: =IFERROR(IF(J115<>"", INDEX($U$5:$U$1433, MATCH(J115, $E$5:$E$1433, 0)),""),"") -> 17/12/2009 | Y115: =Y114+10 -> 330001100 | Z115: =LEFT(Y115,8) -> 33000110 | AA115: LAN
A116: =IF(B116<>"",A115+1,"") -> 112 | B116: NGUYỄN XUÂN LỘC | C116: 10A11 | D116: 33000111 | E116: 20542235 | G116: =IF(J116<>"", INDEX($C$5:$C$1433, MATCH(J116, $E$5:$E$1433, 0)),"") -> 12A10 | H116: =IF(J116<>"", INDEX($D$5:$D$1433, MATCH(J116, $E$5:$E$1433, 0)),"") -> 0 | I116: =IFERROR(IF(J116<>"", INDEX($B$5:$B$1433, MATCH(J116, $E$5:$E$1433, 0)),""),"SAI") -> NGUYỄN THỊ THÚY HƯƠNG | J116: 32000416 | K116: 6:28:42 AM | L116: =IFERROR(IF($N$5="Sáng",IF(MID(K116,2,7)-MID($L$2,2,7)>0,"Trễ",""),IF(MID(K116,2,7)-MID($Q$2,2,7)>0,"Trễ","")),"") | M116: =IFERROR(IF($N$5="Sáng",MID(K116,2,7)-MID($L$2,2,7),MID(K116,2,7)-MID($Q$2,2,7)),"") -> -0.021735444 | S116: 2026-2029 | T116: =IFERROR(IF(J116<>"", INDEX($S$5:$S$1433, MATCH(J116, $E$5:$E$1433, 0)),""),"") -> 2024-2027 | U116: 03/6/2011 | V116: =IFERROR(IF(J116<>"", INDEX($U$5:$U$1433, MATCH(J116, $E$5:$E$1433, 0)),""),"") -> 17/12/2009 | Y116: =Y115+10 -> 330001110 | Z116: =LEFT(Y116,8) -> 33000111 | AA116: LỘC
A117: =IF(B117<>"",A116+1,"") -> 113 | B117: NGUYỄN QUỐC MĨ | C117: 10A11 | D117: 33000112 | E117: 19061867 | G117: =IF(J117<>"", INDEX($C$5:$C$1433, MATCH(J117, $E$5:$E$1433, 0)),"") -> 12A4 | H117: =IF(J117<>"", INDEX($D$5:$D$1433, MATCH(J117, $E$5:$E$1433, 0)),"") -> 0 | I117: =IFERROR(IF(J117<>"", INDEX($B$5:$B$1433, MATCH(J117, $E$5:$E$1433, 0)),""),"SAI") -> NGUYỄN CAO MỸ TRÂN | J117: 32000169 | K117: 6:28:51 AM | L117: =IFERROR(IF($N$5="Sáng",IF(MID(K117,2,7)-MID($L$2,2,7)>0,"Trễ",""),IF(MID(K117,2,7)-MID($Q$2,2,7)>0,"Trễ","")),"") | M117: =IFERROR(IF($N$5="Sáng",MID(K117,2,7)-MID($L$2,2,7),MID(K117,2,7)-MID($Q$2,2,7)),"") -> -0.021631278 | S117: 2026-2029 | T117: =IFERROR(IF(J117<>"", INDEX($S$5:$S$1433, MATCH(J117, $E$5:$E$1433, 0)),""),"") -> 2024-2027 | U117: 24/01/2011 | V117: =IFERROR(IF(J117<>"", INDEX($U$5:$U$1433, MATCH(J117, $E$5:$E$1433, 0)),""),"") -> 30/12/2009 | Y117: =Y116+10 -> 330001120 | Z117: =LEFT(Y117,8) -> 33000112 | AA117: MĨ
A118: =IF(B118<>"",A117+1,"") -> 114 | B118: NGUYỄN TRIỆU BÍCH NGÂN | C118: 10A11 | D118: 33000113 | E118: 19154315 | G118: =IF(J118<>"", INDEX($C$5:$C$1433, MATCH(J118, $E$5:$E$1433, 0)),"") -> 12A4 | H118: =IF(J118<>"", INDEX($D$5:$D$1433, MATCH(J118, $E$5:$E$1433, 0)),"") -> 0 | I118: =IFERROR(IF(J118<>"", INDEX($B$5:$B$1433, MATCH(J118, $E$5:$E$1433, 0)),""),"SAI") -> NGUYỄN CAO MỸ TRÂN | J118: 32000169 | K118: 6:28:52 AM | L118: =IFERROR(IF($N$5="Sáng",IF(MID(K118,2,7)-MID($L$2,2,7)>0,"Trễ",""),IF(MID(K118,2,7)-MID($Q$2,2,7)>0,"Trễ","")),"") | M118: =IFERROR(IF($N$5="Sáng",MID(K118,2,7)-MID($L$2,2,7),MID(K118,2,7)-MID($Q$2,2,7)),"") -> -0.021619704 | S118: 2026-2029 | T118: =IFERROR(IF(J118<>"", INDEX($S$5:$S$1433, MATCH(J118, $E$5:$E$1433, 0)),""),"") -> 2024-2027 | U118: 02/11/2011 | V118: =IFERROR(IF(J118<>"", INDEX($U$5:$U$1433, MATCH(J118, $E$5:$E$1433, 0)),""),"") -> 30/12/2009 | Y118: =Y117+10 -> 330001130 | Z118: =LEFT(Y118,8) -> 33000113 | AA118: NGÂN
A119: =IF(B119<>"",A118+1,"") -> 115 | B119: LƯU PHỤNG NGHI | C119: 10A11 | D119: 33000114 | E119: 19260939 | G119: =IF(J119<>"", INDEX($C$5:$C$1433, MATCH(J119, $E$5:$E$1433, 0)),"") -> 12A11 | H119: =IF(J119<>"", INDEX($D$5:$D$1433, MATCH(J119, $E$5:$E$1433, 0)),"") -> 0 | I119: =IFERROR(IF(J119<>"", INDEX($B$5:$B$1433, MATCH(J119, $E$5:$E$1433, 0)),""),"SAI") -> DANH HOÀNG ĐÚNG | J119: 32000447 | K119: 6:28:53 AM | L119: =IFERROR(IF($N$5="Sáng",IF(MID(K119,2,7)-MID($L$2,2,7)>0,"Trễ",""),IF(MID(K119,2,7)-MID($Q$2,2,7)>0,"Trễ","")),"") | M119: =IFERROR(IF($N$5="Sáng",MID(K119,2,7)-MID($L$2,2,7),MID(K119,2,7)-MID($Q$2,2,7)),"") -> -0.02160813 | S119: 2026-2029 | T119: =IFERROR(IF(J119<>"", INDEX($S$5:$S$1433, MATCH(J119, $E$5:$E$1433, 0)),""),"") -> 2024-2027 | U119: 18/5/2011 | V119: =IFERROR(IF(J119<>"", INDEX($U$5:$U$1433, MATCH(J119, $E$5:$E$1433, 0)),""),"") -> 20/01/2009 | Y119: =Y118+10 -> 330001140 | Z119: =LEFT(Y119,8) -> 33000114 | AA119: NGHI
A120: =IF(B120<>"",A119+1,"") -> 116 | B120: PHẠM NGỌC PHƯƠNG NGHI | C120: 10A11 | D120: 33000115 | E120: 19107819 | G120: =IF(J120<>"", INDEX($C$5:$C$1433, MATCH(J120, $E$5:$E$1433, 0)),"") -> 12A11 | H120: =IF(J120<>"", INDEX($D$5:$D$1433, MATCH(J120, $E$5:$E$1433, 0)),"") -> 0 | I120: =IFERROR(IF(J120<>"", INDEX($B$5:$B$1433, MATCH(J120, $E$5:$E$1433, 0)),""),"SAI") -> DANH HOÀNG ĐÚNG | J120: 32000447 | K120: 6:28:54 AM | L120: =IFERROR(IF($N$5="Sáng",IF(MID(K120,2,7)-MID($L$2,2,7)>0,"Trễ",""),IF(MID(K120,2,7)-MID($Q$2,2,7)>0,"Trễ","")),"") | M120: =IFERROR(IF($N$5="Sáng",MID(K120,2,7)-MID($L$2,2,7),MID(K120,2,7)-MID($Q$2,2,7)),"") -> -0.021596556 | S120: 2026-2029 | T120: =IFERROR(IF(J120<>"", INDEX($S$5:$S$1433, MATCH(J120, $E$5:$E$1433, 0)),""),"") -> 2024-2027 | U120: 24/5/2011 | V120: =IFERROR(IF(J120<>"", INDEX($U$5:$U$1433, MATCH(J120, $E$5:$E$1433, 0)),""),"") -> 20/01/2009 | Y120: =Y119+10 -> 330001150 | Z120: =LEFT(Y120,8) -> 33000115 | AA120: NGHI
A121: =IF(B121<>"",A120+1,"") -> 117 | B121: LÊ THỊ HỒNG NGỌC | C121: 10A11 | D121: 33000116 | E121: 20564427 | G121: =IF(J121<>"", INDEX($C$5:$C$1433, MATCH(J121, $E$5:$E$1433, 0)),"") -> 12A11 | H121: =IF(J121<>"", INDEX($D$5:$D$1433, MATCH(J121, $E$5:$E$1433, 0)),"") -> 0 | I121: =IFERROR(IF(J121<>"", INDEX($B$5:$B$1433, MATCH(J121, $E$5:$E$1433, 0)),""),"SAI") -> DANH HOÀNG ĐÚNG | J121: 32000447 | K121: 6:28:55 AM | L121: =IFERROR(IF($N$5="Sáng",IF(MID(K121,2,7)-MID($L$2,2,7)>0,"Trễ",""),IF(MID(K121,2,7)-MID($Q$2,2,7)>0,"Trễ","")),"") | M121: =IFERROR(IF($N$5="Sáng",MID(K121,2,7)-MID($L$2,2,7),MID(K121,2,7)-MID($Q$2,2,7)),"") -> -0.021584981 | S121: 2026-2029 | T121: =IFERROR(IF(J121<>"", INDEX($S$5:$S$1433, MATCH(J121, $E$5:$E$1433, 0)),""),"") -> 2024-2027 | U121: 07/6/2011 | V121: =IFERROR(IF(J121<>"", INDEX($U$5:$U$1433, MATCH(J121, $E$5:$E$1433, 0)),""),"") -> 20/01/2009 | Y121: =Y120+10 -> 330001160 | Z121: =LEFT(Y121,8) -> 33000116 | AA121: NGỌC
A122: =IF(B122<>"",A121+1,"") -> 118 | B122: NGUYỄN THỊ PHƯƠNG NHÃ | C122: 10A11 | D122: 33000117 | E122: 20309531 | G122: =IF(J122<>"", INDEX($C$5:$C$1433, MATCH(J122, $E$5:$E$1433, 0)),"") -> 12A6 | H122: =IF(J122<>"", INDEX($D$5:$D$1433, MATCH(J122, $E$5:$E$1433, 0)),"") -> 0 | I122: =IFERROR(IF(J122<>"", INDEX($B$5:$B$1433, MATCH(J122, $E$5:$E$1433, 0)),""),"SAI") -> TÔ TIỀN NGÂN TUYẾT | J122: 32000261 | K122: 6:28:56 AM | L122: =IFERROR(IF($N$5="Sáng",IF(MID(K122,2,7)-MID($L$2,2,7)>0,"Trễ",""),IF(MID(K122,2,7)-MID($Q$2,2,7)>0,"Trễ","")),"") | M122: =IFERROR(IF($N$5="Sáng",MID(K122,2,7)-MID($L$2,2,7),MID(K122,2,7)-MID($Q$2,2,7)),"") -> -0.021573407 | S122: 2026-2029 | T122: =IFERROR(IF(J122<>"", INDEX($S$5:$S$1433, MATCH(J122, $E$5:$E$1433, 0)),""),"") -> 2024-2027 | U122: 21/4/2011 | V122: =IFERROR(IF(J122<>"", INDEX($U$5:$U$1433, MATCH(J122, $E$5:$E$1433, 0)),""),"") -> 22/10/2009 | Y122: =Y121+10 -> 330001170 | Z122: =LEFT(Y122,8) -> 33000117 | AA122: NHÃ
... A141: =IF(B141<>"",A140+1,"") -> 137 | B141: TRỊNH THỊ KIỀU YẾN | C141: 10A11 | D141: 33000136 | E141: 19247947 | G141: =IF(J141<>"", INDEX($C$5:$C$1433, MATCH(J141, $E$5:$E$1433, 0)),"") -> 12A9 | H141: =IF(J141<>"", INDEX($D$5:$D$1433, MATCH(J141, $E$5:$E$1433, 0)),"") -> 0 | I141: =IFERROR(IF(J141<>"", INDEX($B$5:$B$1433, MATCH(J141, $E$5:$E$1433, 0)),""),"SAI") -> BÙI LÝ TUẤN ANH | J141: 32000355 | K141: 6:30:25 AM | L141: =IFERROR(IF($N$5="Sáng",IF(MID(K141,2,7)-MID($L$2,2,7)>0,"Trễ",""),IF(MID(K141,2,7)-MID($Q$2,2,7)>0,"Trễ","")),"") | M141: =IFERROR(IF($N$5="Sáng",MID(K141,2,7)-MID($L$2,2,7),MID(K141,2,7)-MID($Q$2,2,7)),"") -> -0.020543315 | S141: 2026-2029 | T141: =IFERROR(IF(J141<>"", INDEX($S$5:$S$1433, MATCH(J141, $E$5:$E$1433, 0)),""),"") -> 2024-2027 | U141: 28/02/2011 | V141: =IFERROR(IF(J141<>"", INDEX($U$5:$U$1433, MATCH(J141, $E$5:$E$1433, 0)),""),"") -> 40058 | Y141: =Y140+10 -> 330001360 | Z141: =LEFT(Y141,8) -> 33000136 | AA141: YẾN
A142: =IF(B142<>"",A141+1,"") -> 138 | B142: VÕ DIỆP AN AN | C142: 10A2 | D142: 33000137 | E142: 20634155 | F142: =IFERROR(IF(VLOOKUP(E142,J:J,1,0)=E142,"X",""),"") | G142: =IF(J142<>"", INDEX($C$5:$C$1433, MATCH(J142, $E$5:$E$1433, 0)),"") -> 12A9 | H142: =IF(J142<>"", INDEX($D$5:$D$1433, MATCH(J142, $E$5:$E$1433, 0)),"") -> 0 | I142: =IFERROR(IF(J142<>"", INDEX($B$5:$B$1433, MATCH(J142, $E$5:$E$1433, 0)),""),"SAI") -> TRẦN YẾN NHI | J142: 32000380 | K142: 6:30:26 AM | L142: =IFERROR(IF($N$5="Sáng",IF(MID(K142,2,7)-MID($L$2,2,7)>0,"Trễ",""),IF(MID(K142,2,7)-MID($Q$2,2,7)>0,"Trễ","")),"") | M142: =IFERROR(IF($N$5="Sáng",MID(K142,2,7)-MID($L$2,2,7),MID(K142,2,7)-MID($Q$2,2,7)),"") -> -0.020531741 | Q142: =IF(B142<>"",IF(AND(P142="",F142=""),"Không phép ",""),"") -> Không phép | R142: =UPPER(B142) -> VÕ DIỆP AN AN | S142: 2026-2029 | T142: =IFERROR(IF(J142<>"", INDEX($S$5:$S$1433, MATCH(J142, $E$5:$E$1433, 0)),""),"") -> 2024-2027 | U142: 26/11/2011 | V142: =IFERROR(IF(J142<>"", INDEX($U$5:$U$1433, MATCH(J142, $E$5:$E$1433, 0)),""),"") -> 23/08/2009 | Y142: =Y141+10 -> 330001370 | Z142: =LEFT(Y142,8) -> 33000137 | AA142: AN
A143: =IF(B143<>"",A142+1,"") -> 139 | B143: SỬ HỒNG ANH | C143: 10A2 | D143: 33000138 | E143: 19705563 | F143: =IFERROR(IF(VLOOKUP(E143,J:J,1,0)=E143,"X",""),"") | G143: =IF(J143<>"", INDEX($C$5:$C$1433, MATCH(J143, $E$5:$E$1433, 0)),"") -> 12A9 | H143: =IF(J143<>"", INDEX($D$5:$D$1433, MATCH(J143, $E$5:$E$1433, 0)),"") -> 0 | I143: =IFERROR(IF(J143<>"", INDEX($B$5:$B$1433, MATCH(J143, $E$5:$E$1433, 0)),""),"SAI") -> TRẦN YẾN NHI | J143: 32000380 | K143: 6:30:27 AM | L143: =IFERROR(IF($N$5="Sáng",IF(MID(K143,2,7)-MID($L$2,2,7)>0,"Trễ",""),IF(MID(K143,2,7)-MID($Q$2,2,7)>0,"Trễ","")),"") | M143: =IFERROR(IF($N$5="Sáng",MID(K143,2,7)-MID($L$2,2,7),MID(K143,2,7)-MID($Q$2,2,7)),"") -> -0.020520167 | Q143: =IF(B143<>"",IF(AND(P143="",F143=""),"Không phép ",""),"") -> Không phép | R143: =UPPER(B143) -> SỬ HỒNG ANH | S143: 2026-2029 | T143: =IFERROR(IF(J143<>"", INDEX($S$5:$S$1433, MATCH(J143, $E$5:$E$1433, 0)),""),"") -> 2024-2027 | U143: 04/12/2011 | V143: =IFERROR(IF(J143<>"", INDEX($U$5:$U$1433, MATCH(J143, $E$5:$E$1433, 0)),""),"") -> 23/08/2009 | Y143: =Y142+10 -> 330001380 | Z143: =LEFT(Y143,8) -> 33000138 | AA143: ANH
A144: =IF(B144<>"",A143+1,"") -> 140 | B144: LÊ KHÁNH BĂNG | C144: 10A2 | D144: 33000139 | E144: 20518363 | F144: =IFERROR(IF(VLOOKUP(E144,J:J,1,0)=E144,"X",""),"") | G144: =IF(J144<>"", INDEX($C$5:$C$1433, MATCH(J144, $E$5:$E$1433, 0)),"") -> 12A9 | H144: =IF(J144<>"", INDEX($D$5:$D$1433, MATCH(J144, $E$5:$E$1433, 0)),"") -> 0 | I144: =IFERROR(IF(J144<>"", INDEX($B$5:$B$1433, MATCH(J144, $E$5:$E$1433, 0)),""),"SAI") -> TRẦN YẾN NHI | J144: 32000380 | K144: 6:30:27 AM | L144: =IFERROR(IF($N$5="Sáng",IF(MID(K144,2,7)-MID($L$2,2,7)>0,"Trễ",""),IF(MID(K144,2,7)-MID($Q$2,2,7)>0,"Trễ","")),"") | M144: =IFERROR(IF($N$5="Sáng",MID(K144,2,7)-MID($L$2,2,7),MID(K144,2,7)-MID($Q$2,2,7)),"") -> -0.020520167 | Q144: =IF(B144<>"",IF(AND(P144="",F144=""),"Không phép ",""),"") -> Không phép | R144: =UPPER(B144) -> LÊ KHÁNH BĂNG | S144: 2026-2029 | T144: =IFERROR(IF(J144<>"", INDEX($S$5:$S$1433, MATCH(J144, $E$5:$E$1433, 0)),""),"") -> 2024-2027 | U144: 24/10/2011 | V144: =IFERROR(IF(J144<>"", INDEX($U$5:$U$1433, MATCH(J144, $E$5:$E$1433, 0)),""),"") -> 23/08/2009 | Y144: =Y143+10 -> 330001390 | Z144: =LEFT(Y144,8) -> 33000139 | AA144: BĂNG
A145: =IF(B145<>"",A144+1,"") -> 141 | B145: TRƯƠNG QUANG BÌNH | C145: 10A2 | D145: 33000140 | E145: 19353403 | F145: =IFERROR(IF(VLOOKUP(E145,J:J,1,0)=E145,"X",""),"") | G145: =IF(J145<>"", INDEX($C$5:$C$1433, MATCH(J145, $E$5:$E$1433, 0)),"") -> 12A10 | H145: =IF(J145<>"", INDEX($D$5:$D$1433, MATCH(J145, $E$5:$E$1433, 0)),"") -> 0 | I145: =IFERROR(IF(J145<>"", INDEX($B$5:$B$1433, MATCH(J145, $E$5:$E$1433, 0)),""),"SAI") -> NGUYỄN ĐOÀN MINH NGUYỆN | J145: 32000425 | K145: 6:30:39 AM | L145: =IFERROR(IF($N$5="Sáng",IF(MID(K145,2,7)-MID($L$2,2,7)>0,"Trễ",""),IF(MID(K145,2,7)-MID($Q$2,2,7)>0,"Trễ","")),"") | M145: =IFERROR(IF($N$5="Sáng",MID(K145,2,7)-MID($L$2,2,7),MID(K145,2,7)-MID($Q$2,2,7)),"") -> -0.020381278 | Q145: =IF(B145<>"",IF(AND(P145="",F145=""),"Không phép ",""),"") -> Không phép | R145: =UPPER(B145) -> TRƯƠNG QUANG BÌNH | S145: 2026-2029 | T145: =IFERROR(IF(J145<>"", INDEX($S$5:$S$1433, MATCH(J145, $E$5:$E$1433, 0)),""),"") -> 2024-2027 | U145: 14/9/2011 | V145: =IFERROR(IF(J145<>"", INDEX($U$5:$U$1433, MATCH(J145, $E$5:$E$1433, 0)),""),"") -> 39854 | Y145: =Y144+10 -> 330001400 | Z145: =LEFT(Y145,8) -> 33000140 | AA145: BÌNH
A146: =IF(B146<>"",A145+1,"") -> 142 | B146: NGUYỄN NGỌC BẢO CHÂU | C146: 10A2 | D146: 33000141 | E146: 19514315 | F146: =IFERROR(IF(VLOOKUP(E146,J:J,1,0)=E146,"X",""),"") | G146: =IF(J146<>"", INDEX($C$5:$C$1433, MATCH(J146, $E$5:$E$1433, 0)),"") -> 11A4 | H146: =IF(J146<>"", INDEX($D$5:$D$1433, MATCH(J146, $E$5:$E$1433, 0)),"") -> 0 | I146: =IFERROR(IF(J146<>"", INDEX($B$5:$B$1433, MATCH(J146, $E$5:$E$1433, 0)),""),"SAI") -> PHẠM CHI BẢO | J146: 32000657 | K146: 6:30:54 AM | L146: =IFERROR(IF($N$5="Sáng",IF(MID(K146,2,7)-MID($L$2,2,7)>0,"Trễ",""),IF(MID(K146,2,7)-MID($Q$2,2,7)>0,"Trễ","")),"") | M146: =IFERROR(IF($N$5="Sáng",MID(K146,2,7)-MID($L$2,2,7),MID(K146,2,7)-MID($Q$2,2,7)),"") -> -0.020207667 | Q146: =IF(B146<>"",IF(AND(P146="",F146=""),"Không phép ",""),"") -> Không phép | R146: =UPPER(B146) -> NGUYỄN NGỌC BẢO CHÂU | S146: 2026-2029 | T146: =IFERROR(IF(J146<>"", INDEX($S$5:$S$1433, MATCH(J146, $E$5:$E$1433, 0)),""),"") -> 2025-2028 | U146: 17/12/2011 | V146: =IFERROR(IF(J146<>"", INDEX($U$5:$U$1433, MATCH(J146, $E$5:$E$1433, 0)),""),"") -> 25/02/2010 | Y146: =Y145+10 -> 330001410 | Z146: =LEFT(Y146,8) -> 33000141 | AA146: CHÂU
A147: =IF(B147<>"",A146+1,"") -> 143 | B147: KIM THANH CHÍ | C147: 10A2 | D147: 33000142 | E147: 20252331 | F147: =IFERROR(IF(VLOOKUP(E147,J:J,1,0)=E147,"X",""),"") -> X | G147: =IF(J147<>"", INDEX($C$5:$C$1433, MATCH(J147, $E$5:$E$1433, 0)),"") -> 11A8 | H147: =IF(J147<>"", INDEX($D$5:$D$1433, MATCH(J147, $E$5:$E$1433, 0)),"") -> 0 | I147: =IFERROR(IF(J147<>"", INDEX($B$5:$B$1433, MATCH(J147, $E$5:$E$1433, 0)),""),"SAI") -> HUỲNH TẤN PHÁT | J147: 32000845 | K147: 6:30:57 AM | L147: =IFERROR(IF($N$5="Sáng",IF(MID(K147,2,7)-MID($L$2,2,7)>0,"Trễ",""),IF(MID(K147,2,7)-MID($Q$2,2,7)>0,"Trễ","")),"") | M147: =IFERROR(IF($N$5="Sáng",MID(K147,2,7)-MID($L$2,2,7),MID(K147,2,7)-MID($Q$2,2,7)),"") -> -0.020172944 | Q147: =IF(B147<>"",IF(AND(P147="",F147=""),"Không phép ",""),"") | R147: =UPPER(B147) -> KIM THANH CHÍ | S147: 2026-2029 | T147: =IFERROR(IF(J147<>"", INDEX($S$5:$S$1433, MATCH(J147, $E$5:$E$1433, 0)),""),"") -> 2025-2028 | U147: 06/11/2011 | V147: =IFERROR(IF(J147<>"", INDEX($U$5:$U$1433, MATCH(J147, $E$5:$E$1433, 0)),""),"") -> 39664 | Y147: =Y146+10 -> 330001420 | Z147: =LEFT(Y147,8) -> 33000142 | AA147: CHÍ
A148: =IF(B148<>"",A147+1,"") -> 144 | B148: NGUYỄN THỊ KIM CƯƠNG | C148: 10A2 | D148: 33000143 | E148: 20540619 | F148: =IFERROR(IF(VLOOKUP(E148,J:J,1,0)=E148,"X",""),"") | G148: =IF(J148<>"", INDEX($C$5:$C$1433, MATCH(J148, $E$5:$E$1433, 0)),"") -> 11A5 | H148: =IF(J148<>"", INDEX($D$5:$D$1433, MATCH(J148, $E$5:$E$1433, 0)),"") -> 0 | I148: =IFERROR(IF(J148<>"", INDEX($B$5:$B$1433, MATCH(J148, $E$5:$E$1433, 0)),""),"SAI") -> PHAN TRỌNG NGHĨA | J148: 32000714 | K148: 6:31:02 AM | L148: =IFERROR(IF($N$5="Sáng",IF(MID(K148,2,7)-MID($L$2,2,7)>0,"Trễ",""),IF(MID(K148,2,7)-MID($Q$2,2,7)>0,"Trễ","")),"") | M148: =IFERROR(IF($N$5="Sáng",MID(K148,2,7)-MID($L$2,2,7),MID(K148,2,7)-MID($Q$2,2,7)),"") -> -0.020115074 | Q148: =IF(B148<>"",IF(AND(P148="",F148=""),"Không phép ",""),"") -> Không phép | R148: =UPPER(B148) -> NGUYỄN THỊ KIM CƯƠNG | S148: 2026-2029 | T148: =IFERROR(IF(J148<>"", INDEX($S$5:$S$1433, MATCH(J148, $E$5:$E$1433, 0)),""),"") -> 2025-2028 | U148: 21/5/2011 | V148: =IFERROR(IF(J148<>"", INDEX($U$5:$U$1433, MATCH(J148, $E$5:$E$1433, 0)),""),"") -> 40488 | Y148: =Y147+10 -> 330001430 | Z148: =LEFT(Y148,8) -> 33000143 | AA148: CƯƠNG
A149: =IF(B149<>"",A148+1,"") -> 145 | B149: LÊ NHÃ ĐAN | C149: 10A2 | D149: 33000144 | E149: 19404219 | F149: =IFERROR(IF(VLOOKUP(E149,J:J,1,0)=E149,"X",""),"") | G149: =IF(J149<>"", INDEX($C$5:$C$1433, MATCH(J149, $E$5:$E$1433, 0)),"") -> 12A10 | H149: =IF(J149<>"", INDEX($D$5:$D$1433, MATCH(J149, $E$5:$E$1433, 0)),"") -> 0 | I149: =IFERROR(IF(J149<>"", INDEX($B$5:$B$1433, MATCH(J149, $E$5:$E$1433, 0)),""),"SAI") -> ĐỖ THANH PHONG | J149: 32000427 | K149: 6:31:04 AM | L149: =IFERROR(IF($N$5="Sáng",IF(MID(K149,2,7)-MID($L$2,2,7)>0,"Trễ",""),IF(MID(K149,2,7)-MID($Q$2,2,7)>0,"Trễ","")),"") | M149: =IFERROR(IF($N$5="Sáng",MID(K149,2,7)-MID($L$2,2,7),MID(K149,2,7)-MID($Q$2,2,7)),"") -> -0.020091926 | Q149: =IF(B149<>"",IF(AND(P149="",F149=""),"Không phép ",""),"") -> Không phép | R149: =UPPER(B149) -> LÊ NHÃ ĐAN | S149: 2026-2029 | T149: =IFERROR(IF(J149<>"", INDEX($S$5:$S$1433, MATCH(J149, $E$5:$E$1433, 0)),""),"") -> 2024-2027 | U149: 08/9/2011 | V149: =IFERROR(IF(J149<>"", INDEX($U$5:$U$1433, MATCH(J149, $E$5:$E$1433, 0)),""),"") -> 40126 | Y149: =Y148+10 -> 330001440 | Z149: =LEFT(Y149,8) -> 33000144 | AA149: ĐAN
A150: =IF(B150<>"",A149+1,"") -> 146 | B150: CAO MINH ĐẠT | C150: 10A2 | D150: 33000145 | E150: 19817531 | F150: =IFERROR(IF(VLOOKUP(E150,J:J,1,0)=E150,"X",""),"") -> X | G150: =IF(J150<>"", INDEX($C$5:$C$1433, MATCH(J150, $E$5:$E$1433, 0)),"") -> 12A2 | H150: =IF(J150<>"", INDEX($D$5:$D$1433, MATCH(J150, $E$5:$E$1433, 0)),"") -> 0 | I150: =IFERROR(IF(J150<>"", INDEX($B$5:$B$1433, MATCH(J150, $E$5:$E$1433, 0)),""),"SAI") -> PHAN THỊ NGỌC UYỂN | J150: 32000084 | K150: 6:31:15 AM | L150: =IFERROR(IF($N$5="Sáng",IF(MID(K150,2,7)-MID($L$2,2,7)>0,"Trễ",""),IF(MID(K150,2,7)-MID($Q$2,2,7)>0,"Trễ","")),"") | M150: =IFERROR(IF($N$5="Sáng",MID(K150,2,7)-MID($L$2,2,7),MID(K150,2,7)-MID($Q$2,2,7)),"") -> -0.019964611 | Q150: =IF(B150<>"",IF(AND(P150="",F150=""),"Không phép ",""),"") | R150: =UPPER(B150) -> CAO MINH ĐẠT | S150: 2026-2029 | T150: =IFERROR(IF(J150<>"", INDEX($S$5:$S$1433, MATCH(J150, $E$5:$E$1433, 0)),""),"") -> 2024-2027 | U150: 21/10/2011 | V150: =IFERROR(IF(J150<>"", INDEX($U$5:$U$1433, MATCH(J150, $E$5:$E$1433, 0)),""),"") -> 40153 | Y150: =Y149+10 -> 330001450 | Z150: =LEFT(Y150,8) -> 33000145 | AA150: ĐẠT
A151: =IF(B151<>"",A150+1,"") -> 147 | B151: PHAN ĐÌNH DUY | C151: 10A2 | D151: 33000146 | E151: 20347467 | F151: =IFERROR(IF(VLOOKUP(E151,J:J,1,0)=E151,"X",""),"") -> X | G151: =IF(J151<>"", INDEX($C$5:$C$1433, MATCH(J151, $E$5:$E$1433, 0)),"") -> 11A6 | H151: =IF(J151<>"", INDEX($D$5:$D$1433, MATCH(J151, $E$5:$E$1433, 0)),"") -> 0 | I151: =IFERROR(IF(J151<>"", INDEX($B$5:$B$1433, MATCH(J151, $E$5:$E$1433, 0)),""),"SAI") -> LÊ NGUYỄN TIẾN HUY | J151: 32000746 | K151: 6:31:28 AM | L151: =IFERROR(IF($N$5="Sáng",IF(MID(K151,2,7)-MID($L$2,2,7)>0,"Trễ",""),IF(MID(K151,2,7)-MID($Q$2,2,7)>0,"Trễ","")),"") | M151: =IFERROR(IF($N$5="Sáng",MID(K151,2,7)-MID($L$2,2,7),MID(K151,2,7)-MID($Q$2,2,7)),"") -> -0.019814148 | Q151: =IF(B151<>"",IF(AND(P151="",F151=""),"Không phép ",""),"") | R151: =UPPER(B151) -> PHAN ĐÌNH DUY | S151: 2026-2029 | T151: =IFERROR(IF(J151<>"", INDEX($S$5:$S$1433, MATCH(J151, $E$5:$E$1433, 0)),""),"") -> 2025-2028 | U151: 02/9/2011 | V151: =IFERROR(IF(J151<>"", INDEX($U$5:$U$1433, MATCH(J151, $E$5:$E$1433, 0)),""),"") -> 28/4/2010 | Y151: =Y150+10 -> 330001460 | Z151: =LEFT(Y151,8) -> 33000146 | AA151: DUY
A152: =IF(B152<>"",A151+1,"") -> 148 | B152: LÊ GIA HÀO | C152: 10A2 | D152: 33000147 | E152: 19520491 | F152: =IFERROR(IF(VLOOKUP(E152,J:J,1,0)=E152,"X",""),"") -> X | G152: =IF(J152<>"", INDEX($C$5:$C$1433, MATCH(J152, $E$5:$E$1433, 0)),"") -> 11A6 | H152: =IF(J152<>"", INDEX($D$5:$D$1433, MATCH(J152, $E$5:$E$1433, 0)),"") -> 0 | I152: =IFERROR(IF(J152<>"", INDEX($B$5:$B$1433, MATCH(J152, $E$5:$E$1433, 0)),""),"SAI") -> LÊ NGUYỄN TIẾN HUY | J152: 32000746 | K152: 6:31:29 AM | L152: =IFERROR(IF($N$5="Sáng",IF(MID(K152,2,7)-MID($L$2,2,7)>0,"Trễ",""),IF(MID(K152,2,7)-MID($Q$2,2,7)>0,"Trễ","")),"") | M152: =IFERROR(IF($N$5="Sáng",MID(K152,2,7)-MID($L$2,2,7),MID(K152,2,7)-MID($Q$2,2,7)),"") -> -0.019802574 | Q152: =IF(B152<>"",IF(AND(P152="",F152=""),"Không phép ",""),"") | R152: =UPPER(B152) -> LÊ GIA HÀO | S152: 2026-2029 | T152: =IFERROR(IF(J152<>"", INDEX($S$5:$S$1433, MATCH(J152, $E$5:$E$1433, 0)),""),"") -> 2025-2028 | U152: 25/12/2011 | V152: =IFERROR(IF(J152<>"", INDEX($U$5:$U$1433, MATCH(J152, $E$5:$E$1433, 0)),""),"") -> 28/4/2010 | Y152: =Y151+10 -> 330001470 | Z152: =LEFT(Y152,8) -> 33000147 | AA152: HÀO
A153: =IF(B153<>"",A152+1,"") -> 149 | B153: NGÔ HUỲNH NGỌC HẢO | C153: 10A2 | D153: 33000148 | E153: 13454251 | F153: =IFERROR(IF(VLOOKUP(E153,J:J,1,0)=E153,"X",""),"") -> X | G153: =IF(J153<>"", INDEX($C$5:$C$1433, MATCH(J153, $E$5:$E$1433, 0)),"") -> 11A4 | H153: =IF(J153<>"", INDEX($D$5:$D$1433, MATCH(J153, $E$5:$E$1433, 0)),"") -> 0 | I153: =IFERROR(IF(J153<>"", INDEX($B$5:$B$1433, MATCH(J153, $E$5:$E$1433, 0)),""),"SAI") -> DANH GIA PHI | J153: 32000681 | K153: 6:31:37 AM | L153: =IFERROR(IF($N$5="Sáng",IF(MID(K153,2,7)-MID($L$2,2,7)>0,"Trễ",""),IF(MID(K153,2,7)-MID($Q$2,2,7)>0,"Trễ","")),"") | M153: =IFERROR(IF($N$5="Sáng",MID(K153,2,7)-MID($L$2,2,7),MID(K153,2,7)-MID($Q$2,2,7)),"") -> -0.019709981 | Q153: =IF(B153<>"",IF(AND(P153="",F153=""),"Không phép ",""),"") | R153: =UPPER(B153) -> NGÔ HUỲNH NGỌC HẢO | S153: 2026-2029 | T153: =IFERROR(IF(J153<>"", INDEX($S$5:$S$1433, MATCH(J153, $E$5:$E$1433, 0)),""),"") -> 2025-2028 | U153: 19/7/2011 | V153: =IFERROR(IF(J153<>"", INDEX($U$5:$U$1433, MATCH(J153, $E$5:$E$1433, 0)),""),"") -> 40188 | Y153: =Y152+10 -> 330001480 | Z153: =LEFT(Y153,8) -> 33000148 | AA153: HẢO
... A187: =IF(B187<>"",A186+1,"") -> 183 | B187: NGUYỄN THỊ NGỌC YẾN | C187: 10A2 | D187: 33000182 | E187: 20055835 | F187: =IFERROR(IF(VLOOKUP(E187,J:J,1,0)=E187,"X",""),"") | G187: =IF(J187<>"", INDEX($C$5:$C$1433, MATCH(J187, $E$5:$E$1433, 0)),"") -> 12A4 | H187: =IF(J187<>"", INDEX($D$5:$D$1433, MATCH(J187, $E$5:$E$1433, 0)),"") -> 0 | I187: =IFERROR(IF(J187<>"", INDEX($B$5:$B$1433, MATCH(J187, $E$5:$E$1433, 0)),""),"SAI") -> DANH THỊ KIM DUYÊN | J187: 32000139 | K187: 6:33:34 AM | L187: =IFERROR(IF($N$5="Sáng",IF(MID(K187,2,7)-MID($L$2,2,7)>0,"Trễ",""),IF(MID(K187,2,7)-MID($Q$2,2,7)>0,"Trễ","")),"") | M187: =IFERROR(IF($N$5="Sáng",MID(K187,2,7)-MID($L$2,2,7),MID(K187,2,7)-MID($Q$2,2,7)),"") -> -0.018355815 | Q187: =IF(B187<>"",IF(AND(P187="",F187=""),"Không phép ",""),"") -> Không phép | R187: =UPPER(B187) -> NGUYỄN THỊ NGỌC YẾN | S187: 2026-2029 | T187: =IFERROR(IF(J187<>"", INDEX($S$5:$S$1433, MATCH(J187, $E$5:$E$1433, 0)),""),"") -> 2024-2027 | U187: 15/3/2011 | V187: =IFERROR(IF(J187<>"", INDEX($U$5:$U$1433, MATCH(J187, $E$5:$E$1433, 0)),""),"") -> 17/07/2009 | Y187: =Y186+10 -> 330001820 | Z187: =LEFT(Y187,8) -> 33000182 | AA187: YẾN
A188: =IF(B188<>"",A187+1,"") -> 184 | B188: VÕ THÚY AN | C188: 10A3 | D188: 33000183 | E188: 19427355 | F188: =IFERROR(IF(VLOOKUP(E188,J:J,1,0)=E188,"X",""),"") | G188: =IF(J188<>"", INDEX($C$5:$C$1433, MATCH(J188, $E$5:$E$1433, 0)),"") | H188: =IF(J188<>"", INDEX($D$5:$D$1433, MATCH(J188, $E$5:$E$1433, 0)),"") | I188: =IFERROR(IF(J188<>"", INDEX($B$5:$B$1433, MATCH(J188, $E$5:$E$1433, 0)),""),"SAI") | L188: =IFERROR(IF($N$5="Sáng",IF(MID(K188,2,7)-MID($L$2,2,7)>0,"Trễ",""),IF(MID(K188,2,7)-MID($Q$2,2,7)>0,"Trễ","")),"") | M188: =IFERROR(IF($N$5="Sáng",MID(K188,2,7)-MID($L$2,2,7),MID(K188,2,7)-MID($Q$2,2,7)),"") | Q188: =IF(B188<>"",IF(AND(P188="",F188=""),"Không phép ",""),"") -> Không phép | R188: =UPPER(B188) -> VÕ THÚY AN | S188: 2026-2029 | T188: =IFERROR(IF(J188<>"", INDEX($S$5:$S$1433, MATCH(J188, $E$5:$E$1433, 0)),""),"") | U188: 09/6/2011 | V188: =IFERROR(IF(J188<>"", INDEX($U$5:$U$1433, MATCH(J188, $E$5:$E$1433, 0)),""),"") | Y188: =Y187+10 -> 330001830 | Z188: =LEFT(Y188,8) -> 33000183 | AA188: AN
A189: =IF(B189<>"",A188+1,"") -> 185 | B189: LÊ HUỲNH ANH | C189: 10A3 | D189: 33000184 | E189: 20111419 | F189: =IFERROR(IF(VLOOKUP(E189,J:J,1,0)=E189,"X",""),"") | G189: =IF(J189<>"", INDEX($C$5:$C$1433, MATCH(J189, $E$5:$E$1433, 0)),"") | H189: =IF(J189<>"", INDEX($D$5:$D$1433, MATCH(J189, $E$5:$E$1433, 0)),"") | I189: =IFERROR(IF(J189<>"", INDEX($B$5:$B$1433, MATCH(J189, $E$5:$E$1433, 0)),""),"SAI") | L189: =IFERROR(IF($N$5="Sáng",IF(MID(K189,2,7)-MID($L$2,2,7)>0,"Trễ",""),IF(MID(K189,2,7)-MID($Q$2,2,7)>0,"Trễ","")),"") | M189: =IFERROR(IF($N$5="Sáng",MID(K189,2,7)-MID($L$2,2,7),MID(K189,2,7)-MID($Q$2,2,7)),"") | Q189: =IF(B189<>"",IF(AND(P189="",F189=""),"Không phép ",""),"") -> Không phép | R189: =UPPER(B189) -> LÊ HUỲNH ANH | S189: 2026-2029 | T189: =IFERROR(IF(J189<>"", INDEX($S$5:$S$1433, MATCH(J189, $E$5:$E$1433, 0)),""),"") | U189: 04/02/2011 | V189: =IFERROR(IF(J189<>"", INDEX($U$5:$U$1433, MATCH(J189, $E$5:$E$1433, 0)),""),"") | Y189: =Y188+10 -> 330001840 | Z189: =LEFT(Y189,8) -> 33000184 | AA189: ANH
A190: =IF(B190<>"",A189+1,"") -> 186 | B190: TRIỆU QUỐC BẢO | C190: 10A3 | D190: 33000185 | E190: 20342171 | F190: =IFERROR(IF(VLOOKUP(E190,J:J,1,0)=E190,"X",""),"") | G190: =IF(J190<>"", INDEX($C$5:$C$1433, MATCH(J190, $E$5:$E$1433, 0)),"") | H190: =IF(J190<>"", INDEX($D$5:$D$1433, MATCH(J190, $E$5:$E$1433, 0)),"") | I190: =IFERROR(IF(J190<>"", INDEX($B$5:$B$1433, MATCH(J190, $E$5:$E$1433, 0)),""),"SAI") | L190: =IFERROR(IF($N$5="Sáng",IF(MID(K190,2,7)-MID($L$2,2,7)>0,"Trễ",""),IF(MID(K190,2,7)-MID($Q$2,2,7)>0,"Trễ","")),"") | M190: =IFERROR(IF($N$5="Sáng",MID(K190,2,7)-MID($L$2,2,7),MID(K190,2,7)-MID($Q$2,2,7)),"") | Q190: =IF(B190<>"",IF(AND(P190="",F190=""),"Không phép ",""),"") -> Không phép | R190: =UPPER(B190) -> TRIỆU QUỐC BẢO | S190: 2026-2029 | T190: =IFERROR(IF(J190<>"", INDEX($S$5:$S$1433, MATCH(J190, $E$5:$E$1433, 0)),""),"") | U190: 08/7/2011 | V190: =IFERROR(IF(J190<>"", INDEX($U$5:$U$1433, MATCH(J190, $E$5:$E$1433, 0)),""),"") | Y190: =Y189+10 -> 330001850 | Z190: =LEFT(Y190,8) -> 33000185 | AA190: BẢO
A191: =IF(B191<>"",A190+1,"") -> 187 | B191: PHẠM NGỌC BÍCH | C191: 10A3 | D191: 33000186 | E191: 6428891 | F191: =IFERROR(IF(VLOOKUP(E191,J:J,1,0)=E191,"X",""),"") | G191: =IF(J191<>"", INDEX($C$5:$C$1433, MATCH(J191, $E$5:$E$1433, 0)),"") | H191: =IF(J191<>"", INDEX($D$5:$D$1433, MATCH(J191, $E$5:$E$1433, 0)),"") | I191: =IFERROR(IF(J191<>"", INDEX($B$5:$B$1433, MATCH(J191, $E$5:$E$1433, 0)),""),"SAI") | L191: =IFERROR(IF($N$5="Sáng",IF(MID(K191,2,7)-MID($L$2,2,7)>0,"Trễ",""),IF(MID(K191,2,7)-MID($Q$2,2,7)>0,"Trễ","")),"") | M191: =IFERROR(IF($N$5="Sáng",MID(K191,2,7)-MID($L$2,2,7),MID(K191,2,7)-MID($Q$2,2,7)),"") | Q191: =IF(B191<>"",IF(AND(P191="",F191=""),"Không phép ",""),"") -> Không phép | R191: =UPPER(B191) -> PHẠM NGỌC BÍCH | S191: 2026-2029 | T191: =IFERROR(IF(J191<>"", INDEX($S$5:$S$1433, MATCH(J191, $E$5:$E$1433, 0)),""),"") | U191: 24/10/2011 | V191: =IFERROR(IF(J191<>"", INDEX($U$5:$U$1433, MATCH(J191, $E$5:$E$1433, 0)),""),"") | Y191: =Y190+10 -> 330001860 | Z191: =LEFT(Y191,8) -> 33000186 | AA191: BÍCH
A192: =IF(B192<>"",A191+1,"") -> 188 | B192: LÊ THỊ NHƯ BÌNH | C192: 10A3 | D192: 33000187 | E192: 16225675 | F192: =IFERROR(IF(VLOOKUP(E192,J:J,1,0)=E192,"X",""),"") | G192: =IF(J192<>"", INDEX($C$5:$C$1433, MATCH(J192, $E$5:$E$1433, 0)),"") | H192: =IF(J192<>"", INDEX($D$5:$D$1433, MATCH(J192, $E$5:$E$1433, 0)),"") | I192: =IFERROR(IF(J192<>"", INDEX($B$5:$B$1433, MATCH(J192, $E$5:$E$1433, 0)),""),"SAI") | L192: =IFERROR(IF($N$5="Sáng",IF(MID(K192,2,7)-MID($L$2,2,7)>0,"Trễ",""),IF(MID(K192,2,7)-MID($Q$2,2,7)>0,"Trễ","")),"") | M192: =IFERROR(IF($N$5="Sáng",MID(K192,2,7)-MID($L$2,2,7),MID(K192,2,7)-MID($Q$2,2,7)),"") | Q192: =IF(B192<>"",IF(AND(P192="",F192=""),"Không phép ",""),"") -> Không phép | R192: =UPPER(B192) -> LÊ THỊ NHƯ BÌNH | S192: 2026-2029 | T192: =IFERROR(IF(J192<>"", INDEX($S$5:$S$1433, MATCH(J192, $E$5:$E$1433, 0)),""),"") | U192: 10/9/2011 | V192: =IFERROR(IF(J192<>"", INDEX($U$5:$U$1433, MATCH(J192, $E$5:$E$1433, 0)),""),"") | Y192: =Y191+10 -> 330001870 | Z192: =LEFT(Y192,8) -> 33000187 | AA192: BÌNH
A193: =IF(B193<>"",A192+1,"") -> 189 | B193: VÕ THÀNH CÔNG | C193: 10A3 | D193: 33000188 | E193: 15135115 | F193: =IFERROR(IF(VLOOKUP(E193,J:J,1,0)=E193,"X",""),"") | G193: =IF(J193<>"", INDEX($C$5:$C$1433, MATCH(J193, $E$5:$E$1433, 0)),"") | H193: =IF(J193<>"", INDEX($D$5:$D$1433, MATCH(J193, $E$5:$E$1433, 0)),"") | I193: =IFERROR(IF(J193<>"", INDEX($B$5:$B$1433, MATCH(J193, $E$5:$E$1433, 0)),""),"SAI") | L193: =IFERROR(IF($N$5="Sáng",IF(MID(K193,2,7)-MID($L$2,2,7)>0,"Trễ",""),IF(MID(K193,2,7)-MID($Q$2,2,7)>0,"Trễ","")),"") | M193: =IFERROR(IF($N$5="Sáng",MID(K193,2,7)-MID($L$2,2,7),MID(K193,2,7)-MID($Q$2,2,7)),"") | Q193: =IF(B193<>"",IF(AND(P193="",F193=""),"Không phép ",""),"") -> Không phép | R193: =UPPER(B193) -> VÕ THÀNH CÔNG | S193: 2026-2029 | T193: =IFERROR(IF(J193<>"", INDEX($S$5:$S$1433, MATCH(J193, $E$5:$E$1433, 0)),""),"") | U193: 16/11/2011 | V193: =IFERROR(IF(J193<>"", INDEX($U$5:$U$1433, MATCH(J193, $E$5:$E$1433, 0)),""),"") | Y193: =Y192+10 -> 330001880 | Z193: =LEFT(Y193,8) -> 33000188 | AA193: CÔNG
A194: =IF(B194<>"",A193+1,"") -> 190 | B194: NGUYỄN MINH ĐẠI | C194: 10A3 | D194: 33000189 | E194: 20242219 | F194: =IFERROR(IF(VLOOKUP(E194,J:J,1,0)=E194,"X",""),"") | G194: =IF(J194<>"", INDEX($C$5:$C$1433, MATCH(J194, $E$5:$E$1433, 0)),"") | H194: =IF(J194<>"", INDEX($D$5:$D$1433, MATCH(J194, $E$5:$E$1433, 0)),"") | I194: =IFERROR(IF(J194<>"", INDEX($B$5:$B$1433, MATCH(J194, $E$5:$E$1433, 0)),""),"SAI") | L194: =IFERROR(IF($N$5="Sáng",IF(MID(K194,2,7)-MID($L$2,2,7)>0,"Trễ",""),IF(MID(K194,2,7)-MID($Q$2,2,7)>0,"Trễ","")),"") | M194: =IFERROR(IF($N$5="Sáng",MID(K194,2,7)-MID($L$2,2,7),MID(K194,2,7)-MID($Q$2,2,7)),"") | Q194: =IF(B194<>"",IF(AND(P194="",F194=""),"Không phép ",""),"") -> Không phép | R194: =UPPER(B194) -> NGUYỄN MINH ĐẠI | S194: 2026-2029 | T194: =IFERROR(IF(J194<>"", INDEX($S$5:$S$1433, MATCH(J194, $E$5:$E$1433, 0)),""),"") | U194: 23/10/2009 | V194: =IFERROR(IF(J194<>"", INDEX($U$5:$U$1433, MATCH(J194, $E$5:$E$1433, 0)),""),"") | Y194: =Y193+10 -> 330001890 | Z194: =LEFT(Y194,8) -> 33000189 | AA194: ĐẠI
A195: =IF(B195<>"",A194+1,"") -> 191 | B195: LÊ THỊ ĐAN ĐAN | C195: 10A3 | D195: 33000190 | E195: 16848219 | F195: =IFERROR(IF(VLOOKUP(E195,J:J,1,0)=E195,"X",""),"") | G195: =IF(J195<>"", INDEX($C$5:$C$1433, MATCH(J195, $E$5:$E$1433, 0)),"") | H195: =IF(J195<>"", INDEX($D$5:$D$1433, MATCH(J195, $E$5:$E$1433, 0)),"") | I195: =IFERROR(IF(J195<>"", INDEX($B$5:$B$1433, MATCH(J195, $E$5:$E$1433, 0)),""),"SAI") | L195: =IFERROR(IF($N$5="Sáng",IF(MID(K195,2,7)-MID($L$2,2,7)>0,"Trễ",""),IF(MID(K195,2,7)-MID($Q$2,2,7)>0,"Trễ","")),"") | M195: =IFERROR(IF($N$5="Sáng",MID(K195,2,7)-MID($L$2,2,7),MID(K195,2,7)-MID($Q$2,2,7)),"") | Q195: =IF(B195<>"",IF(AND(P195="",F195=""),"Không phép ",""),"") -> Không phép | R195: =UPPER(B195) -> LÊ THỊ ĐAN ĐAN | S195: 2026-2029 | T195: =IFERROR(IF(J195<>"", INDEX($S$5:$S$1433, MATCH(J195, $E$5:$E$1433, 0)),""),"") | U195: 16/4/2011 | V195: =IFERROR(IF(J195<>"", INDEX($U$5:$U$1433, MATCH(J195, $E$5:$E$1433, 0)),""),"") | Y195: =Y194+10 -> 330001900 | Z195: =LEFT(Y195,8) -> 33000190 | AA195: ĐAN
A196: =IF(B196<>"",A195+1,"") -> 192 | B196: TRƯƠNG HẢI ĐĂNG | C196: 10A3 | D196: 33000191 | E196: 19608395 | F196: =IFERROR(IF(VLOOKUP(E196,J:J,1,0)=E196,"X",""),"") | G196: =IF(J196<>"", INDEX($C$5:$C$1433, MATCH(J196, $E$5:$E$1433, 0)),"") | H196: =IF(J196<>"", INDEX($D$5:$D$1433, MATCH(J196, $E$5:$E$1433, 0)),"") | I196: =IFERROR(IF(J196<>"", INDEX($B$5:$B$1433, MATCH(J196, $E$5:$E$1433, 0)),""),"SAI") | L196: =IFERROR(IF($N$5="Sáng",IF(MID(K196,2,7)-MID($L$2,2,7)>0,"Trễ",""),IF(MID(K196,2,7)-MID($Q$2,2,7)>0,"Trễ","")),"") | M196: =IFERROR(IF($N$5="Sáng",MID(K196,2,7)-MID($L$2,2,7),MID(K196,2,7)-MID($Q$2,2,7)),"") | Q196: =IF(B196<>"",IF(AND(P196="",F196=""),"Không phép ",""),"") -> Không phép | R196: =UPPER(B196) -> TRƯƠNG HẢI ĐĂNG | S196: 2026-2029 | T196: =IFERROR(IF(J196<>"", INDEX($S$5:$S$1433, MATCH(J196, $E$5:$E$1433, 0)),""),"") | U196: 27/9/2011 | V196: =IFERROR(IF(J196<>"", INDEX($U$5:$U$1433, MATCH(J196, $E$5:$E$1433, 0)),""),"") | Y196: =Y195+10 -> 330001910 | Z196: =LEFT(Y196,8) -> 33000191 | AA196: ĐĂNG
A197: =IF(B197<>"",A196+1,"") -> 193 | B197: PHAN BÌNH ĐẲNG | C197: 10A3 | D197: 33000192 | E197: 19733595 | F197: =IFERROR(IF(VLOOKUP(E197,J:J,1,0)=E197,"X",""),"") | G197: =IF(J197<>"", INDEX($C$5:$C$1433, MATCH(J197, $E$5:$E$1433, 0)),"") | H197: =IF(J197<>"", INDEX($D$5:$D$1433, MATCH(J197, $E$5:$E$1433, 0)),"") | I197: =IFERROR(IF(J197<>"", INDEX($B$5:$B$1433, MATCH(J197, $E$5:$E$1433, 0)),""),"SAI") | L197: =IFERROR(IF($N$5="Sáng",IF(MID(K197,2,7)-MID($L$2,2,7)>0,"Trễ",""),IF(MID(K197,2,7)-MID($Q$2,2,7)>0,"Trễ","")),"") | M197: =IFERROR(IF($N$5="Sáng",MID(K197,2,7)-MID($L$2,2,7),MID(K197,2,7)-MID($Q$2,2,7)),"") | Q197: =IF(B197<>"",IF(AND(P197="",F197=""),"Không phép ",""),"") -> Không phép | R197: =UPPER(B197) -> PHAN BÌNH ĐẲNG | S197: 2026-2029 | T197: =IFERROR(IF(J197<>"", INDEX($S$5:$S$1433, MATCH(J197, $E$5:$E$1433, 0)),""),"") | U197: 11/5/2011 | V197: =IFERROR(IF(J197<>"", INDEX($U$5:$U$1433, MATCH(J197, $E$5:$E$1433, 0)),""),"") | Y197: =Y196+10 -> 330001920 | Z197: =LEFT(Y197,8) -> 33000192 | AA197: ĐẲNG
A198: =IF(B198<>"",A197+1,"") -> 194 | B198: NGUYỄN THÀNH ĐẠT | C198: 10A3 | D198: 33000193 | E198: 19033595 | F198: =IFERROR(IF(VLOOKUP(E198,J:J,1,0)=E198,"X",""),"") | G198: =IF(J198<>"", INDEX($C$5:$C$1433, MATCH(J198, $E$5:$E$1433, 0)),"") | H198: =IF(J198<>"", INDEX($D$5:$D$1433, MATCH(J198, $E$5:$E$1433, 0)),"") | I198: =IFERROR(IF(J198<>"", INDEX($B$5:$B$1433, MATCH(J198, $E$5:$E$1433, 0)),""),"SAI") | L198: =IFERROR(IF($N$5="Sáng",IF(MID(K198,2,7)-MID($L$2,2,7)>0,"Trễ",""),IF(MID(K198,2,7)-MID($Q$2,2,7)>0,"Trễ","")),"") | M198: =IFERROR(IF($N$5="Sáng",MID(K198,2,7)-MID($L$2,2,7),MID(K198,2,7)-MID($Q$2,2,7)),"") | Q198: =IF(B198<>"",IF(AND(P198="",F198=""),"Không phép ",""),"") -> Không phép | R198: =UPPER(B198) -> NGUYỄN THÀNH ĐẠT | S198: 2026-2029 | T198: =IFERROR(IF(J198<>"", INDEX($S$5:$S$1433, MATCH(J198, $E$5:$E$1433, 0)),""),"") | U198: 13/3/2011 | V198: =IFERROR(IF(J198<>"", INDEX($U$5:$U$1433, MATCH(J198, $E$5:$E$1433, 0)),""),"") | Y198: =Y197+10 -> 330001930 | Z198: =LEFT(Y198,8) -> 33000193 | AA198: ĐẠT
A199: =IF(B199<>"",A198+1,"") -> 195 | B199: NGUYỄN THÀNH ĐẠT | C199: 10A3 | D199: 33000194 | E199: 18810779 | F199: =IFERROR(IF(VLOOKUP(E199,J:J,1,0)=E199,"X",""),"") | G199: =IF(J199<>"", INDEX($C$5:$C$1433, MATCH(J199, $E$5:$E$1433, 0)),"") | H199: =IF(J199<>"", INDEX($D$5:$D$1433, MATCH(J199, $E$5:$E$1433, 0)),"") | I199: =IFERROR(IF(J199<>"", INDEX($B$5:$B$1433, MATCH(J199, $E$5:$E$1433, 0)),""),"SAI") | L199: =IFERROR(IF($N$5="Sáng",IF(MID(K199,2,7)-MID($L$2,2,7)>0,"Trễ",""),IF(MID(K199,2,7)-MID($Q$2,2,7)>0,"Trễ","")),"") | M199: =IFERROR(IF($N$5="Sáng",MID(K199,2,7)-MID($L$2,2,7),MID(K199,2,7)-MID($Q$2,2,7)),"") | Q199: =IF(B199<>"",IF(AND(P199="",F199=""),"Không phép ",""),"") -> Không phép | R199: =UPPER(B199) -> NGUYỄN THÀNH ĐẠT | S199: 2026-2029 | T199: =IFERROR(IF(J199<>"", INDEX($S$5:$S$1433, MATCH(J199, $E$5:$E$1433, 0)),""),"") | U199: 26/5/2011 | V199: =IFERROR(IF(J199<>"", INDEX($U$5:$U$1433, MATCH(J199, $E$5:$E$1433, 0)),""),"") | Y199: =Y198+10 -> 330001940 | Z199: =LEFT(Y199,8) -> 33000194 | AA199: ĐẠT
... A233: =IF(B233<>"",A232+1,"") -> 229 | B233: NGUYỄN THỊ KIM YẾN | C233: 10A3 | D233: 33000228 | E233: 16921947 | F233: =IFERROR(IF(VLOOKUP(E233,J:J,1,0)=E233,"X",""),"") | G233: =IF(J233<>"", INDEX($C$5:$C$1433, MATCH(J233, $E$5:$E$1433, 0)),"") | H233: =IF(J233<>"", INDEX($D$5:$D$1433, MATCH(J233, $E$5:$E$1433, 0)),"") | I233: =IFERROR(IF(J233<>"", INDEX($B$5:$B$1433, MATCH(J233, $E$5:$E$1433, 0)),""),"SAI") | L233: =IFERROR(IF($N$5="Sáng",IF(MID(K233,2,7)-MID($L$2,2,7)>0,"Trễ",""),IF(MID(K233,2,7)-MID($Q$2,2,7)>0,"Trễ","")),"") | M233: =IFERROR(IF($N$5="Sáng",MID(K233,2,7)-MID($L$2,2,7),MID(K233,2,7)-MID($Q$2,2,7)),"") | Q233: =IF(B233<>"",IF(AND(P233="",F233=""),"Không phép ",""),"") -> Không phép | R233: =UPPER(B233) -> NGUYỄN THỊ KIM YẾN | S233: 2026-2029 | T233: =IFERROR(IF(J233<>"", INDEX($S$5:$S$1433, MATCH(J233, $E$5:$E$1433, 0)),""),"") | U233: 11/8/2011 | V233: =IFERROR(IF(J233<>"", INDEX($U$5:$U$1433, MATCH(J233, $E$5:$E$1433, 0)),""),"") | Y233: =Y232+10 -> 330002280 | Z233: =LEFT(Y233,8) -> 33000228 | AA233: YẾN
A234: =IF(B234<>"",A233+1,"") -> 230 | B234: PHAN AN | C234: 10A4 | D234: 33000229 | E234: 19125739 | F234: =IFERROR(IF(VLOOKUP(E234,J:J,1,0)=E234,"X",""),"") | G234: =IF(J234<>"", INDEX($C$5:$C$1433, MATCH(J234, $E$5:$E$1433, 0)),"") -> 12A4 | H234: =IF(J234<>"", INDEX($D$5:$D$1433, MATCH(J234, $E$5:$E$1433, 0)),"") -> 0 | I234: =IFERROR(IF(J234<>"", INDEX($B$5:$B$1433, MATCH(J234, $E$5:$E$1433, 0)),""),"SAI") -> LÊ THỊ ANH THƯ | J234: 32000167 | K234: 6:35:14 AM | L234: =IFERROR(IF($N$5="Sáng",IF(MID(K234,2,7)-MID($L$2,2,7)>0,"Trễ",""),IF(MID(K234,2,7)-MID($Q$2,2,7)>0,"Trễ","")),"") | M234: =IFERROR(IF($N$5="Sáng",MID(K234,2,7)-MID($L$2,2,7),MID(K234,2,7)-MID($Q$2,2,7)),"") -> -0.017198407 | Q234: =IF(B234<>"",IF(AND(P234="",F234=""),"Không phép ",""),"") -> Không phép | R234: =UPPER(B234) -> PHAN AN | S234: 2026-2029 | T234: =IFERROR(IF(J234<>"", INDEX($S$5:$S$1433, MATCH(J234, $E$5:$E$1433, 0)),""),"") -> 2024-2027 | U234: 16/12/2011 | V234: =IFERROR(IF(J234<>"", INDEX($U$5:$U$1433, MATCH(J234, $E$5:$E$1433, 0)),""),"") -> 30/07/2009 | Y234: =Y233+10 -> 330002290 | Z234: =LEFT(Y234,8) -> 33000229 | AA234: AN
A235: =IF(B235<>"",A234+1,"") -> 231 | B235: LÊ NGỌC PHƯƠNG ANH | C235: 10A4 | D235: 33000230 | E235: 19134203 | F235: =IFERROR(IF(VLOOKUP(E235,J:J,1,0)=E235,"X",""),"") | G235: =IF(J235<>"", INDEX($C$5:$C$1433, MATCH(J235, $E$5:$E$1433, 0)),"") -> 12A4 | H235: =IF(J235<>"", INDEX($D$5:$D$1433, MATCH(J235, $E$5:$E$1433, 0)),"") -> 0 | I235: =IFERROR(IF(J235<>"", INDEX($B$5:$B$1433, MATCH(J235, $E$5:$E$1433, 0)),""),"SAI") -> LÊ THỊ ANH THƯ | J235: 32000167 | K235: 6:35:15 AM | L235: =IFERROR(IF($N$5="Sáng",IF(MID(K235,2,7)-MID($L$2,2,7)>0,"Trễ",""),IF(MID(K235,2,7)-MID($Q$2,2,7)>0,"Trễ","")),"") | M235: =IFERROR(IF($N$5="Sáng",MID(K235,2,7)-MID($L$2,2,7),MID(K235,2,7)-MID($Q$2,2,7)),"") -> -0.017186833 | Q235: =IF(B235<>"",IF(AND(P235="",F235=""),"Không phép ",""),"") -> Không phép | R235: =UPPER(B235) -> LÊ NGỌC PHƯƠNG ANH | S235: 2026-2029 | T235: =IFERROR(IF(J235<>"", INDEX($S$5:$S$1433, MATCH(J235, $E$5:$E$1433, 0)),""),"") -> 2024-2027 | U235: 24/11/2011 | V235: =IFERROR(IF(J235<>"", INDEX($U$5:$U$1433, MATCH(J235, $E$5:$E$1433, 0)),""),"") -> 30/07/2009 | Y235: =Y234+10 -> 330002300 | Z235: =LEFT(Y235,8) -> 33000230 | AA235: ANH
A236: =IF(B236<>"",A235+1,"") -> 232 | B236: TÀO TRÍ ANH | C236: 10A4 | D236: 33000231 | E236: 20450731 | F236: =IFERROR(IF(VLOOKUP(E236,J:J,1,0)=E236,"X",""),"") -> X | G236: =IF(J236<>"", INDEX($C$5:$C$1433, MATCH(J236, $E$5:$E$1433, 0)),"") -> 12A5 | H236: =IF(J236<>"", INDEX($D$5:$D$1433, MATCH(J236, $E$5:$E$1433, 0)),"") -> 0 | I236: =IFERROR(IF(J236<>"", INDEX($B$5:$B$1433, MATCH(J236, $E$5:$E$1433, 0)),""),"SAI") -> PHẠM GIA BẢO | J236: 32000182 | K236: 6:35:16 AM | L236: =IFERROR(IF($N$5="Sáng",IF(MID(K236,2,7)-MID($L$2,2,7)>0,"Trễ",""),IF(MID(K236,2,7)-MID($Q$2,2,7)>0,"Trễ","")),"") | M236: =IFERROR(IF($N$5="Sáng",MID(K236,2,7)-MID($L$2,2,7),MID(K236,2,7)-MID($Q$2,2,7)),"") -> -0.017175259 | Q236: =IF(B236<>"",IF(AND(P236="",F236=""),"Không phép ",""),"") | R236: =UPPER(B236) -> TÀO TRÍ ANH | S236: 2026-2029 | T236: =IFERROR(IF(J236<>"", INDEX($S$5:$S$1433, MATCH(J236, $E$5:$E$1433, 0)),""),"") -> 2024-2027 | U236: 07/10/2011 | V236: =IFERROR(IF(J236<>"", INDEX($U$5:$U$1433, MATCH(J236, $E$5:$E$1433, 0)),""),"") -> 39945 | Y236: =Y235+10 -> 330002310 | Z236: =LEFT(Y236,8) -> 33000231 | AA236: ANH
A237: =IF(B237<>"",A236+1,"") -> 233 | B237: BÙI NGỌC CHÂU | C237: 10A4 | D237: 33000232 | E237: 20619339 | F237: =IFERROR(IF(VLOOKUP(E237,J:J,1,0)=E237,"X",""),"") | G237: =IF(J237<>"", INDEX($C$5:$C$1433, MATCH(J237, $E$5:$E$1433, 0)),"") -> 12A5 | H237: =IF(J237<>"", INDEX($D$5:$D$1433, MATCH(J237, $E$5:$E$1433, 0)),"") -> 0 | I237: =IFERROR(IF(J237<>"", INDEX($B$5:$B$1433, MATCH(J237, $E$5:$E$1433, 0)),""),"SAI") -> PHẠM GIA BẢO | J237: 32000182 | K237: 6:35:17 AM | L237: =IFERROR(IF($N$5="Sáng",IF(MID(K237,2,7)-MID($L$2,2,7)>0,"Trễ",""),IF(MID(K237,2,7)-MID($Q$2,2,7)>0,"Trễ","")),"") | M237: =IFERROR(IF($N$5="Sáng",MID(K237,2,7)-MID($L$2,2,7),MID(K237,2,7)-MID($Q$2,2,7)),"") -> -0.017163685 | Q237: =IF(B237<>"",IF(AND(P237="",F237=""),"Không phép ",""),"") -> Không phép | R237: =UPPER(B237) -> BÙI NGỌC CHÂU | S237: 2026-2029 | T237: =IFERROR(IF(J237<>"", INDEX($S$5:$S$1433, MATCH(J237, $E$5:$E$1433, 0)),""),"") -> 2024-2027 | U237: 16/02/2011 | V237: =IFERROR(IF(J237<>"", INDEX($U$5:$U$1433, MATCH(J237, $E$5:$E$1433, 0)),""),"") -> 39945 | Y237: =Y236+10 -> 330002320 | Z237: =LEFT(Y237,8) -> 33000232 | AA237: CHÂU
A238: =IF(B238<>"",A237+1,"") -> 234 | B238: LÊ BẢO CHÂU | C238: 10A4 | D238: 33000233 | E238: 20609371 | F238: =IFERROR(IF(VLOOKUP(E238,J:J,1,0)=E238,"X",""),"") | G238: =IF(J238<>"", INDEX($C$5:$C$1433, MATCH(J238, $E$5:$E$1433, 0)),"") -> 12A9 | H238: =IF(J238<>"", INDEX($D$5:$D$1433, MATCH(J238, $E$5:$E$1433, 0)),"") -> 0 | I238: =IFERROR(IF(J238<>"", INDEX($B$5:$B$1433, MATCH(J238, $E$5:$E$1433, 0)),""),"SAI") -> NGUYỄN GIA BẢO | J238: 32000356 | K238: 6:35:17 AM | L238: =IFERROR(IF($N$5="Sáng",IF(MID(K238,2,7)-MID($L$2,2,7)>0,"Trễ",""),IF(MID(K238,2,7)-MID($Q$2,2,7)>0,"Trễ","")),"") | M238: =IFERROR(IF($N$5="Sáng",MID(K238,2,7)-MID($L$2,2,7),MID(K238,2,7)-MID($Q$2,2,7)),"") -> -0.017163685 | Q238: =IF(B238<>"",IF(AND(P238="",F238=""),"Không phép ",""),"") -> Không phép | R238: =UPPER(B238) -> LÊ BẢO CHÂU | S238: 2026-2029 | T238: =IFERROR(IF(J238<>"", INDEX($S$5:$S$1433, MATCH(J238, $E$5:$E$1433, 0)),""),"") -> 2024-2027 | U238: 26/4/2011 | V238: =IFERROR(IF(J238<>"", INDEX($U$5:$U$1433, MATCH(J238, $E$5:$E$1433, 0)),""),"") -> 23/10/2009 | Y238: =Y237+10 -> 330002330 | Z238: =LEFT(Y238,8) -> 33000233 | AA238: CHÂU
A239: =IF(B239<>"",A238+1,"") -> 235 | B239: BÙI QUỐC ĐẠI | C239: 10A4 | D239: 33000234 | E239: 17759435 | F239: =IFERROR(IF(VLOOKUP(E239,J:J,1,0)=E239,"X",""),"") -> X | G239: =IF(J239<>"", INDEX($C$5:$C$1433, MATCH(J239, $E$5:$E$1433, 0)),"") -> 12A9 | H239: =IF(J239<>"", INDEX($D$5:$D$1433, MATCH(J239, $E$5:$E$1433, 0)),"") -> 0 | I239: =IFERROR(IF(J239<>"", INDEX($B$5:$B$1433, MATCH(J239, $E$5:$E$1433, 0)),""),"SAI") -> NGUYỄN GIA BẢO | J239: 32000356 | K239: 6:35:18 AM | L239: =IFERROR(IF($N$5="Sáng",IF(MID(K239,2,7)-MID($L$2,2,7)>0,"Trễ",""),IF(MID(K239,2,7)-MID($Q$2,2,7)>0,"Trễ","")),"") | M239: =IFERROR(IF($N$5="Sáng",MID(K239,2,7)-MID($L$2,2,7),MID(K239,2,7)-MID($Q$2,2,7)),"") -> -0.017152111 | Q239: =IF(B239<>"",IF(AND(P239="",F239=""),"Không phép ",""),"") | R239: =UPPER(B239) -> BÙI QUỐC ĐẠI | S239: 2026-2029 | T239: =IFERROR(IF(J239<>"", INDEX($S$5:$S$1433, MATCH(J239, $E$5:$E$1433, 0)),""),"") -> 2024-2027 | U239: 28/7/2011 | V239: =IFERROR(IF(J239<>"", INDEX($U$5:$U$1433, MATCH(J239, $E$5:$E$1433, 0)),""),"") -> 23/10/2009 | Y239: =Y238+10 -> 330002340 | Z239: =LEFT(Y239,8) -> 33000234 | AA239: ĐẠI
A240: =IF(B240<>"",A239+1,"") -> 236 | B240: NGUYỄN KHÁNH ĐĂNG | C240: 10A4 | D240: 33000235 | E240: 19719611 | F240: =IFERROR(IF(VLOOKUP(E240,J:J,1,0)=E240,"X",""),"") | G240: =IF(J240<>"", INDEX($C$5:$C$1433, MATCH(J240, $E$5:$E$1433, 0)),"") -> 12A3 | H240: =IF(J240<>"", INDEX($D$5:$D$1433, MATCH(J240, $E$5:$E$1433, 0)),"") -> 0 | I240: =IFERROR(IF(J240<>"", INDEX($B$5:$B$1433, MATCH(J240, $E$5:$E$1433, 0)),""),"SAI") -> NGUYỄN NGỌC MAI | J240: 32000112 | K240: 6:35:20 AM | L240: =IFERROR(IF($N$5="Sáng",IF(MID(K240,2,7)-MID($L$2,2,7)>0,"Trễ",""),IF(MID(K240,2,7)-MID($Q$2,2,7)>0,"Trễ","")),"") | M240: =IFERROR(IF($N$5="Sáng",MID(K240,2,7)-MID($L$2,2,7),MID(K240,2,7)-MID($Q$2,2,7)),"") -> -0.017128963 | Q240: =IF(B240<>"",IF(AND(P240="",F240=""),"Không phép ",""),"") -> Không phép | R240: =UPPER(B240) -> NGUYỄN KHÁNH ĐĂNG | S240: 2026-2029 | T240: =IFERROR(IF(J240<>"", INDEX($S$5:$S$1433, MATCH(J240, $E$5:$E$1433, 0)),""),"") -> 2024-2027 | U240: 21/12/2011 | V240: =IFERROR(IF(J240<>"", INDEX($U$5:$U$1433, MATCH(J240, $E$5:$E$1433, 0)),""),"") -> 27/04/2009 | Y240: =Y239+10 -> 330002350 | Z240: =LEFT(Y240,8) -> 33000235 | AA240: ĐĂNG
A241: =IF(B241<>"",A240+1,"") -> 237 | B241: TRƯƠNG GIA ĐẠT | C241: 10A4 | D241: 33000236 | E241: 19035451 | F241: =IFERROR(IF(VLOOKUP(E241,J:J,1,0)=E241,"X",""),"") | G241: =IF(J241<>"", INDEX($C$5:$C$1433, MATCH(J241, $E$5:$E$1433, 0)),"") -> 11A6 | H241: =IF(J241<>"", INDEX($D$5:$D$1433, MATCH(J241, $E$5:$E$1433, 0)),"") -> 0 | I241: =IFERROR(IF(J241<>"", INDEX($B$5:$B$1433, MATCH(J241, $E$5:$E$1433, 0)),""),"SAI") -> TRẦN NGUYỄN NHƯ HUỲNH | J241: 32000748 | K241: 6:35:21 AM | L241: =IFERROR(IF($N$5="Sáng",IF(MID(K241,2,7)-MID($L$2,2,7)>0,"Trễ",""),IF(MID(K241,2,7)-MID($Q$2,2,7)>0,"Trễ","")),"") | M241: =IFERROR(IF($N$5="Sáng",MID(K241,2,7)-MID($L$2,2,7),MID(K241,2,7)-MID($Q$2,2,7)),"") -> -0.017117389 | Q241: =IF(B241<>"",IF(AND(P241="",F241=""),"Không phép ",""),"") -> Không phép | R241: =UPPER(B241) -> TRƯƠNG GIA ĐẠT | S241: 2026-2029 | T241: =IFERROR(IF(J241<>"", INDEX($S$5:$S$1433, MATCH(J241, $E$5:$E$1433, 0)),""),"") -> 2025-2028 | U241: 11/11/2011 | V241: =IFERROR(IF(J241<>"", INDEX($U$5:$U$1433, MATCH(J241, $E$5:$E$1433, 0)),""),"") -> 24/10/2010 | Y241: =Y240+10 -> 330002360 | Z241: =LEFT(Y241,8) -> 33000236 | AA241: ĐẠT
A242: =IF(B242<>"",A241+1,"") -> 238 | B242: NGÔ TRẦN KỲ DUYÊN | C242: 10A4 | D242: 33000237 | E242: 20210091 | F242: =IFERROR(IF(VLOOKUP(E242,J:J,1,0)=E242,"X",""),"") | G242: =IF(J242<>"", INDEX($C$5:$C$1433, MATCH(J242, $E$5:$E$1433, 0)),"") -> 11A6 | H242: =IF(J242<>"", INDEX($D$5:$D$1433, MATCH(J242, $E$5:$E$1433, 0)),"") -> 0 | I242: =IFERROR(IF(J242<>"", INDEX($B$5:$B$1433, MATCH(J242, $E$5:$E$1433, 0)),""),"SAI") -> TRẦN NGUYỄN NHƯ HUỲNH | J242: 32000748 | K242: 6:35:22 AM | L242: =IFERROR(IF($N$5="Sáng",IF(MID(K242,2,7)-MID($L$2,2,7)>0,"Trễ",""),IF(MID(K242,2,7)-MID($Q$2,2,7)>0,"Trễ","")),"") | M242: =IFERROR(IF($N$5="Sáng",MID(K242,2,7)-MID($L$2,2,7),MID(K242,2,7)-MID($Q$2,2,7)),"") -> -0.017105815 | Q242: =IF(B242<>"",IF(AND(P242="",F242=""),"Không phép ",""),"") -> Không phép | R242: =UPPER(B242) -> NGÔ TRẦN KỲ DUYÊN | S242: 2026-2029 | T242: =IFERROR(IF(J242<>"", INDEX($S$5:$S$1433, MATCH(J242, $E$5:$E$1433, 0)),""),"") -> 2025-2028 | U242: 10/10/2011 | V242: =IFERROR(IF(J242<>"", INDEX($U$5:$U$1433, MATCH(J242, $E$5:$E$1433, 0)),""),"") -> 24/10/2010 | Y242: =Y241+10 -> 330002370 | Z242: =LEFT(Y242,8) -> 33000237 | AA242: DUYÊN
A243: =IF(B243<>"",A242+1,"") -> 239 | B243: HUỲNH LA HỒNG GIAO | C243: 10A4 | D243: 33000238 | E243: 20200683 | F243: =IFERROR(IF(VLOOKUP(E243,J:J,1,0)=E243,"X",""),"") | G243: =IF(J243<>"", INDEX($C$5:$C$1433, MATCH(J243, $E$5:$E$1433, 0)),"") -> 11A1 | H243: =IF(J243<>"", INDEX($D$5:$D$1433, MATCH(J243, $E$5:$E$1433, 0)),"") -> 0 | I243: =IFERROR(IF(J243<>"", INDEX($B$5:$B$1433, MATCH(J243, $E$5:$E$1433, 0)),""),"SAI") -> LÊ NGUYỄN NGỌC TRÂM | J243: 32000509 | K243: 6:35:24 AM | L243: =IFERROR(IF($N$5="Sáng",IF(MID(K243,2,7)-MID($L$2,2,7)>0,"Trễ",""),IF(MID(K243,2,7)-MID($Q$2,2,7)>0,"Trễ","")),"") | M243: =IFERROR(IF($N$5="Sáng",MID(K243,2,7)-MID($L$2,2,7),MID(K243,2,7)-MID($Q$2,2,7)),"") -> -0.017082667 | Q243: =IF(B243<>"",IF(AND(P243="",F243=""),"Không phép ",""),"") -> Không phép | R243: =UPPER(B243) -> HUỲNH LA HỒNG GIAO | S243: 2026-2029 | T243: =IFERROR(IF(J243<>"", INDEX($S$5:$S$1433, MATCH(J243, $E$5:$E$1433, 0)),""),"") -> 2025-2028 | U243: 12/11/2011 | V243: =IFERROR(IF(J243<>"", INDEX($U$5:$U$1433, MATCH(J243, $E$5:$E$1433, 0)),""),"") -> 30/4/2010 | Y243: =Y242+10 -> 330002380 | Z243: =LEFT(Y243,8) -> 33000238 | AA243: GIAO
A244: =IF(B244<>"",A243+1,"") -> 240 | B244: LÊ HUỲNH NHÃ HÂN | C244: 10A4 | D244: 33000239 | E244: 20512331 | F244: =IFERROR(IF(VLOOKUP(E244,J:J,1,0)=E244,"X",""),"") | G244: =IF(J244<>"", INDEX($C$5:$C$1433, MATCH(J244, $E$5:$E$1433, 0)),"") -> 12A2 | H244: =IF(J244<>"", INDEX($D$5:$D$1433, MATCH(J244, $E$5:$E$1433, 0)),"") -> 0 | I244: =IFERROR(IF(J244<>"", INDEX($B$5:$B$1433, MATCH(J244, $E$5:$E$1433, 0)),""),"SAI") -> LÊ HOÀNG TUẤN | J244: 32000081 | K244: 6:35:34 AM | L244: =IFERROR(IF($N$5="Sáng",IF(MID(K244,2,7)-MID($L$2,2,7)>0,"Trễ",""),IF(MID(K244,2,7)-MID($Q$2,2,7)>0,"Trễ","")),"") | M244: =IFERROR(IF($N$5="Sáng",MID(K244,2,7)-MID($L$2,2,7),MID(K244,2,7)-MID($Q$2,2,7)),"") -> -0.016966926 | Q244: =IF(B244<>"",IF(AND(P244="",F244=""),"Không phép ",""),"") -> Không phép | R244: =UPPER(B244) -> LÊ HUỲNH NHÃ HÂN | S244: 2026-2029 | T244: =IFERROR(IF(J244<>"", INDEX($S$5:$S$1433, MATCH(J244, $E$5:$E$1433, 0)),""),"") -> 2024-2027 | U244: 26/12/2011 | V244: =IFERROR(IF(J244<>"", INDEX($U$5:$U$1433, MATCH(J244, $E$5:$E$1433, 0)),""),"") -> 39906 | Y244: =Y243+10 -> 330002390 | Z244: =LEFT(Y244,8) -> 33000239 | AA244: HÂN
A245: =IF(B245<>"",A244+1,"") -> 241 | B245: PHAN ANH HÀO | C245: 10A4 | D245: 33000240 | E245: 19109499 | F245: =IFERROR(IF(VLOOKUP(E245,J:J,1,0)=E245,"X",""),"") | G245: =IF(J245<>"", INDEX($C$5:$C$1433, MATCH(J245, $E$5:$E$1433, 0)),"") -> 12A2 | H245: =IF(J245<>"", INDEX($D$5:$D$1433, MATCH(J245, $E$5:$E$1433, 0)),"") -> 0 | I245: =IFERROR(IF(J245<>"", INDEX($B$5:$B$1433, MATCH(J245, $E$5:$E$1433, 0)),""),"SAI") -> LÊ HOÀNG TUẤN | J245: 32000081 | K245: 6:35:35 AM | L245: =IFERROR(IF($N$5="Sáng",IF(MID(K245,2,7)-MID($L$2,2,7)>0,"Trễ",""),IF(MID(K245,2,7)-MID($Q$2,2,7)>0,"Trễ","")),"") | M245: =IFERROR(IF($N$5="Sáng",MID(K245,2,7)-MID($L$2,2,7),MID(K245,2,7)-MID($Q$2,2,7)),"") -> -0.016955352 | Q245: =IF(B245<>"",IF(AND(P245="",F245=""),"Không phép ",""),"") -> Không phép | R245: =UPPER(B245) -> PHAN ANH HÀO | S245: 2026-2029 | T245: =IFERROR(IF(J245<>"", INDEX($S$5:$S$1433, MATCH(J245, $E$5:$E$1433, 0)),""),"") -> 2024-2027 | U245: 15/7/2011 | V245: =IFERROR(IF(J245<>"", INDEX($U$5:$U$1433, MATCH(J245, $E$5:$E$1433, 0)),""),"") -> 39906 | Y245: =Y244+10 -> 330002400 | Z245: =LEFT(Y245,8) -> 33000240 | AA245: HÀO
... A267: =IF(B267<>"",A266+1,"") -> 263 | B267: LÊ THỊ NGỌC NHIÊN | C267: 10A4 | D267: 33000262 | E267: 19543835 | F267: =IFERROR(IF(VLOOKUP(E267,J:J,1,0)=E267,"X",""),"") | G267: =IF(J267<>"", INDEX($C$5:$C$1433, MATCH(J267, $E$5:$E$1433, 0)),"") -> 12A9 | H267: =IF(J267<>"", INDEX($D$5:$D$1433, MATCH(J267, $E$5:$E$1433, 0)),"") -> 0 | I267: =IFERROR(IF(J267<>"", INDEX($B$5:$B$1433, MATCH(J267, $E$5:$E$1433, 0)),""),"SAI") -> ÔNG THỊ HỒNG NHUNG | J267: 32000381 | K267: 6:36:56 AM | L267: =IFERROR(IF($N$5="Sáng",IF(MID(K267,2,7)-MID($L$2,2,7)>0,"Trễ",""),IF(MID(K267,2,7)-MID($Q$2,2,7)>0,"Trễ","")),"") | M267: =IFERROR(IF($N$5="Sáng",MID(K267,2,7)-MID($L$2,2,7),MID(K267,2,7)-MID($Q$2,2,7)),"") -> -0.016017852 | Q267: =IF(B267<>"",IF(AND(P267="",F267=""),"Không phép ",""),"") -> Không phép | R267: =UPPER(B267) -> LÊ THỊ NGỌC NHIÊN | S267: 2026-2029 | T267: =IFERROR(IF(J267<>"", INDEX($S$5:$S$1433, MATCH(J267, $E$5:$E$1433, 0)),""),"") -> 2024-2027 | U267: 16/12/2011 | V267: =IFERROR(IF(J267<>"", INDEX($U$5:$U$1433, MATCH(J267, $E$5:$E$1433, 0)),""),"") -> 39976 | Y267: =Y266+10 -> 330002620 | Z267: =LEFT(Y267,8) -> 33000262 | AA267: NHIÊN
A268: =IF(B268<>"",A267+1,"") -> 264 | B268: TRƯƠNG GIA PHÁT | C268: 10A4 | D268: 33000263 | E268: 19918379 | F268: =IFERROR(IF(VLOOKUP(E268,J:J,1,0)=E268,"X",""),"") | G268: =IF(J268<>"", INDEX($C$5:$C$1433, MATCH(J268, $E$5:$E$1433, 0)),"") -> 12A3 | H268: =IF(J268<>"", INDEX($D$5:$D$1433, MATCH(J268, $E$5:$E$1433, 0)),"") -> 0 | I268: =IFERROR(IF(J268<>"", INDEX($B$5:$B$1433, MATCH(J268, $E$5:$E$1433, 0)),""),"SAI") -> ĐÀO VÕ PHƯƠNG HIẾU | J268: 32000102 | K268: 6:36:58 AM | L268: =IFERROR(IF($N$5="Sáng",IF(MID(K268,2,7)-MID($L$2,2,7)>0,"Trễ",""),IF(MID(K268,2,7)-MID($Q$2,2,7)>0,"Trễ","")),"") | M268: =IFERROR(IF($N$5="Sáng",MID(K268,2,7)-MID($L$2,2,7),MID(K268,2,7)-MID($Q$2,2,7)),"") -> -0.015994704 | Q268: =IF(B268<>"",IF(AND(P268="",F268=""),"Không phép ",""),"") -> Không phép | R268: =UPPER(B268) -> TRƯƠNG GIA PHÁT | S268: 2026-2029 | T268: =IFERROR(IF(J268<>"", INDEX($S$5:$S$1433, MATCH(J268, $E$5:$E$1433, 0)),""),"") -> 2024-2027 | U268: 11/11/2011 | V268: =IFERROR(IF(J268<>"", INDEX($U$5:$U$1433, MATCH(J268, $E$5:$E$1433, 0)),""),"") -> 16/10/2009 | Y268: =Y267+10 -> 330002630 | Z268: =LEFT(Y268,8) -> 33000263 | AA268: PHÁT | AB268: cấp lại 11-12=25
A269: =IF(B269<>"",A268+1,"") -> 265 | B269: LÊ NGỌC YẾN PHƯƠNG | C269: 10A4 | D269: 33000264 | E269: 20538235 | F269: =IFERROR(IF(VLOOKUP(E269,J:J,1,0)=E269,"X",""),"") | G269: =IF(J269<>"", INDEX($C$5:$C$1433, MATCH(J269, $E$5:$E$1433, 0)),"") -> 11A7 | H269: =IF(J269<>"", INDEX($D$5:$D$1433, MATCH(J269, $E$5:$E$1433, 0)),"") -> 0 | I269: =IFERROR(IF(J269<>"", INDEX($B$5:$B$1433, MATCH(J269, $E$5:$E$1433, 0)),""),"SAI") -> ĐỖ HỮU NGHĨA | J269: 32000804 | K269: 6:37:09 AM | L269: =IFERROR(IF($N$5="Sáng",IF(MID(K269,2,7)-MID($L$2,2,7)>0,"Trễ",""),IF(MID(K269,2,7)-MID($Q$2,2,7)>0,"Trễ","")),"") | M269: =IFERROR(IF($N$5="Sáng",MID(K269,2,7)-MID($L$2,2,7),MID(K269,2,7)-MID($Q$2,2,7)),"") -> -0.015867389 | Q269: =IF(B269<>"",IF(AND(P269="",F269=""),"Không phép ",""),"") -> Không phép | R269: =UPPER(B269) -> LÊ NGỌC YẾN PHƯƠNG | S269: 2026-2029 | T269: =IFERROR(IF(J269<>"", INDEX($S$5:$S$1433, MATCH(J269, $E$5:$E$1433, 0)),""),"") -> 2025-2028 | U269: 29/4/2011 | V269: =IFERROR(IF(J269<>"", INDEX($U$5:$U$1433, MATCH(J269, $E$5:$E$1433, 0)),""),"") -> 15/8/2010 | Y269: =Y268+10 -> 330002640 | Z269: =LEFT(Y269,8) -> 33000264 | AA269: PHƯƠNG
A270: =IF(B270<>"",A269+1,"") -> 266 | B270: NGUYỄN BẢO NAM PHƯƠNG | C270: 10A4 | D270: 33000265 | E270: 19363355 | F270: =IFERROR(IF(VLOOKUP(E270,J:J,1,0)=E270,"X",""),"") | G270: =IF(J270<>"", INDEX($C$5:$C$1433, MATCH(J270, $E$5:$E$1433, 0)),"") -> 11A7 | H270: =IF(J270<>"", INDEX($D$5:$D$1433, MATCH(J270, $E$5:$E$1433, 0)),"") -> 0 | I270: =IFERROR(IF(J270<>"", INDEX($B$5:$B$1433, MATCH(J270, $E$5:$E$1433, 0)),""),"SAI") -> ĐỖ HỮU NGHĨA | J270: 32000804 | K270: 6:37:09 AM | L270: =IFERROR(IF($N$5="Sáng",IF(MID(K270,2,7)-MID($L$2,2,7)>0,"Trễ",""),IF(MID(K270,2,7)-MID($Q$2,2,7)>0,"Trễ","")),"") | M270: =IFERROR(IF($N$5="Sáng",MID(K270,2,7)-MID($L$2,2,7),MID(K270,2,7)-MID($Q$2,2,7)),"") -> -0.015867389 | Q270: =IF(B270<>"",IF(AND(P270="",F270=""),"Không phép ",""),"") -> Không phép | R270: =UPPER(B270) -> NGUYỄN BẢO NAM PHƯƠNG | S270: 2026-2029 | T270: =IFERROR(IF(J270<>"", INDEX($S$5:$S$1433, MATCH(J270, $E$5:$E$1433, 0)),""),"") -> 2025-2028 | U270: 05/02/2011 | V270: =IFERROR(IF(J270<>"", INDEX($U$5:$U$1433, MATCH(J270, $E$5:$E$1433, 0)),""),"") -> 15/8/2010 | Y270: =Y269+10 -> 330002650 | Z270: =LEFT(Y270,8) -> 33000265 | AA270: PHƯƠNG
A271: =IF(B271<>"",A270+1,"") -> 267 | B271: HUỲNH XUÂN QUANG | C271: 10A4 | D271: 33000266 | E271: 20429771 | F271: =IFERROR(IF(VLOOKUP(E271,J:J,1,0)=E271,"X",""),"") | G271: =IF(J271<>"", INDEX($C$5:$C$1433, MATCH(J271, $E$5:$E$1433, 0)),"") -> 11A4 | H271: =IF(J271<>"", INDEX($D$5:$D$1433, MATCH(J271, $E$5:$E$1433, 0)),"") -> 0 | I271: =IFERROR(IF(J271<>"", INDEX($B$5:$B$1433, MATCH(J271, $E$5:$E$1433, 0)),""),"SAI") -> NGUYỄN HOÀNG ĐẠT | J271: 32000659 | K271: 6:37:25 AM | L271: =IFERROR(IF($N$5="Sáng",IF(MID(K271,2,7)-MID($L$2,2,7)>0,"Trễ",""),IF(MID(K271,2,7)-MID($Q$2,2,7)>0,"Trễ","")),"") | M271: =IFERROR(IF($N$5="Sáng",MID(K271,2,7)-MID($L$2,2,7),MID(K271,2,7)-MID($Q$2,2,7)),"") -> -0.015682204 | Q271: =IF(B271<>"",IF(AND(P271="",F271=""),"Không phép ",""),"") -> Không phép | R271: =UPPER(B271) -> HUỲNH XUÂN QUANG | S271: 2026-2029 | T271: =IFERROR(IF(J271<>"", INDEX($S$5:$S$1433, MATCH(J271, $E$5:$E$1433, 0)),""),"") -> 2025-2028 | U271: 30/10/2011 | V271: =IFERROR(IF(J271<>"", INDEX($U$5:$U$1433, MATCH(J271, $E$5:$E$1433, 0)),""),"") -> 30/05/2009 | Y271: =Y270+10 -> 330002660 | Z271: =LEFT(Y271,8) -> 33000266 | AA271: QUANG
A272: =IF(B272<>"",A271+1,"") -> 268 | B272: NGUYỄN CAO KIM QUỲNH | C272: 10A4 | D272: 33000267 | E272: 19561019 | F272: =IFERROR(IF(VLOOKUP(E272,J:J,1,0)=E272,"X",""),"") | G272: =IF(J272<>"", INDEX($C$5:$C$1433, MATCH(J272, $E$5:$E$1433, 0)),"") -> 11A3 | H272: =IF(J272<>"", INDEX($D$5:$D$1433, MATCH(J272, $E$5:$E$1433, 0)),"") -> 0 | I272: =IFERROR(IF(J272<>"", INDEX($B$5:$B$1433, MATCH(J272, $E$5:$E$1433, 0)),""),"SAI") -> MAI TRỌNG KHIÊM | J272: 32000619 | K272: 6:37:37 AM | L272: =IFERROR(IF($N$5="Sáng",IF(MID(K272,2,7)-MID($L$2,2,7)>0,"Trễ",""),IF(MID(K272,2,7)-MID($Q$2,2,7)>0,"Trễ","")),"") | M272: =IFERROR(IF($N$5="Sáng",MID(K272,2,7)-MID($L$2,2,7),MID(K272,2,7)-MID($Q$2,2,7)),"") -> -0.015543315 | Q272: =IF(B272<>"",IF(AND(P272="",F272=""),"Không phép ",""),"") -> Không phép | R272: =UPPER(B272) -> NGUYỄN CAO KIM QUỲNH | S272: 2026-2029 | T272: =IFERROR(IF(J272<>"", INDEX($S$5:$S$1433, MATCH(J272, $E$5:$E$1433, 0)),""),"") -> 2025-2028 | U272: 31/12/2011 | V272: =IFERROR(IF(J272<>"", INDEX($U$5:$U$1433, MATCH(J272, $E$5:$E$1433, 0)),""),"") -> 26/01/2010 | Y272: =Y271+10 -> 330002670 | Z272: =LEFT(Y272,8) -> 33000267 | AA272: QUỲNH
A273: =IF(B273<>"",A272+1,"") -> 269 | B273: LÝ KHIẾT TÂM | C273: 10A4 | D273: 33000268 | E273: 20648603 | F273: =IFERROR(IF(VLOOKUP(E273,J:J,1,0)=E273,"X",""),"") | G273: =IF(J273<>"", INDEX($C$5:$C$1433, MATCH(J273, $E$5:$E$1433, 0)),"") -> 11A9 | H273: =IF(J273<>"", INDEX($D$5:$D$1433, MATCH(J273, $E$5:$E$1433, 0)),"") -> 0 | I273: =IFERROR(IF(J273<>"", INDEX($B$5:$B$1433, MATCH(J273, $E$5:$E$1433, 0)),""),"SAI") -> DƯƠNG AN ĐÔNG | J273: 32000873 | K273: 6:37:41 AM | L273: =IFERROR(IF($N$5="Sáng",IF(MID(K273,2,7)-MID($L$2,2,7)>0,"Trễ",""),IF(MID(K273,2,7)-MID($Q$2,2,7)>0,"Trễ","")),"") | M273: =IFERROR(IF($N$5="Sáng",MID(K273,2,7)-MID($L$2,2,7),MID(K273,2,7)-MID($Q$2,2,7)),"") -> -0.015497019 | Q273: =IF(B273<>"",IF(AND(P273="",F273=""),"Không phép ",""),"") -> Không phép | R273: =UPPER(B273) -> LÝ KHIẾT TÂM | S273: 2026-2029 | T273: =IFERROR(IF(J273<>"", INDEX($S$5:$S$1433, MATCH(J273, $E$5:$E$1433, 0)),""),"") -> 2025-2028 | U273: 04/4/2011 | V273: =IFERROR(IF(J273<>"", INDEX($U$5:$U$1433, MATCH(J273, $E$5:$E$1433, 0)),""),"") -> 40277 | Y273: =Y272+10 -> 330002680 | Z273: =LEFT(Y273,8) -> 33000268 | AA273: TÂM
A274: =IF(B274<>"",A273+1,"") -> 270 | B274: LÊ PHÚC THỊNH | C274: 10A4 | D274: 33000269 | E274: 20216379 | F274: =IFERROR(IF(VLOOKUP(E274,J:J,1,0)=E274,"X",""),"") | G274: =IF(J274<>"", INDEX($C$5:$C$1433, MATCH(J274, $E$5:$E$1433, 0)),"") -> 11A9 | H274: =IF(J274<>"", INDEX($D$5:$D$1433, MATCH(J274, $E$5:$E$1433, 0)),"") -> 0 | I274: =IFERROR(IF(J274<>"", INDEX($B$5:$B$1433, MATCH(J274, $E$5:$E$1433, 0)),""),"SAI") -> DƯƠNG AN ĐÔNG | J274: 32000873 | K274: 6:37:42 AM | L274: =IFERROR(IF($N$5="Sáng",IF(MID(K274,2,7)-MID($L$2,2,7)>0,"Trễ",""),IF(MID(K274,2,7)-MID($Q$2,2,7)>0,"Trễ","")),"") | M274: =IFERROR(IF($N$5="Sáng",MID(K274,2,7)-MID($L$2,2,7),MID(K274,2,7)-MID($Q$2,2,7)),"") -> -0.015485444 | Q274: =IF(B274<>"",IF(AND(P274="",F274=""),"Không phép ",""),"") -> Không phép | R274: =UPPER(B274) -> LÊ PHÚC THỊNH | S274: 2026-2029 | T274: =IFERROR(IF(J274<>"", INDEX($S$5:$S$1433, MATCH(J274, $E$5:$E$1433, 0)),""),"") -> 2025-2028 | U274: 16/01/2011 | V274: =IFERROR(IF(J274<>"", INDEX($U$5:$U$1433, MATCH(J274, $E$5:$E$1433, 0)),""),"") -> 40277 | Y274: =Y273+10 -> 330002690 | Z274: =LEFT(Y274,8) -> 33000269 | AA274: THỊNH
A275: =IF(B275<>"",A274+1,"") -> 271 | B275: NGUYỄN LÊ HÙNG TIẾN | C275: 10A4 | D275: 33000270 | E275: 19549115 | F275: =IFERROR(IF(VLOOKUP(E275,J:J,1,0)=E275,"X",""),"") -> X | G275: =IF(J275<>"", INDEX($C$5:$C$1433, MATCH(J275, $E$5:$E$1433, 0)),"") -> 12A6 | H275: =IF(J275<>"", INDEX($D$5:$D$1433, MATCH(J275, $E$5:$E$1433, 0)),"") -> 0 | I275: =IFERROR(IF(J275<>"", INDEX($B$5:$B$1433, MATCH(J275, $E$5:$E$1433, 0)),""),"SAI") -> PHẠM THẢO VY | J275: 32000265 | K275: 6:37:46 AM | L275: =IFERROR(IF($N$5="Sáng",IF(MID(K275,2,7)-MID($L$2,2,7)>0,"Trễ",""),IF(MID(K275,2,7)-MID($Q$2,2,7)>0,"Trễ","")),"") | M275: =IFERROR(IF($N$5="Sáng",MID(K275,2,7)-MID($L$2,2,7),MID(K275,2,7)-MID($Q$2,2,7)),"") -> -0.015439148 | Q275: =IF(B275<>"",IF(AND(P275="",F275=""),"Không phép ",""),"") | R275: =UPPER(B275) -> NGUYỄN LÊ HÙNG TIẾN | S275: 2026-2029 | T275: =IFERROR(IF(J275<>"", INDEX($S$5:$S$1433, MATCH(J275, $E$5:$E$1433, 0)),""),"") -> 2024-2027 | U275: 29/4/2011 | V275: =IFERROR(IF(J275<>"", INDEX($U$5:$U$1433, MATCH(J275, $E$5:$E$1433, 0)),""),"") -> 15/02/2009 | Y275: =Y274+10 -> 330002700 | Z275: =LEFT(Y275,8) -> 33000270 | AA275: TIẾN
A276: =IF(B276<>"",A275+1,"") -> 272 | B276: TRẦN HOÀNG UYÊN | C276: 10A4 | D276: 33000271 | E276: 20003035 | F276: =IFERROR(IF(VLOOKUP(E276,J:J,1,0)=E276,"X",""),"") | G276: =IF(J276<>"", INDEX($C$5:$C$1433, MATCH(J276, $E$5:$E$1433, 0)),"") -> 12A11 | H276: =IF(J276<>"", INDEX($D$5:$D$1433, MATCH(J276, $E$5:$E$1433, 0)),"") -> 0 | I276: =IFERROR(IF(J276<>"", INDEX($B$5:$B$1433, MATCH(J276, $E$5:$E$1433, 0)),""),"SAI") -> ĐỖ TRẦN GIA BẢO | J276: 32000444 | K276: 6:37:50 AM | L276: =IFERROR(IF($N$5="Sáng",IF(MID(K276,2,7)-MID($L$2,2,7)>0,"Trễ",""),IF(MID(K276,2,7)-MID($Q$2,2,7)>0,"Trễ","")),"") | M276: =IFERROR(IF($N$5="Sáng",MID(K276,2,7)-MID($L$2,2,7),MID(K276,2,7)-MID($Q$2,2,7)),"") -> -0.015392852 | Q276: =IF(B276<>"",IF(AND(P276="",F276=""),"Không phép ",""),"") -> Không phép | R276: =UPPER(B276) -> TRẦN HOÀNG UYÊN | S276: 2026-2029 | T276: =IFERROR(IF(J276<>"", INDEX($S$5:$S$1433, MATCH(J276, $E$5:$E$1433, 0)),""),"") -> 2024-2027 | U276: 10/4/2011 | V276: =IFERROR(IF(J276<>"", INDEX($U$5:$U$1433, MATCH(J276, $E$5:$E$1433, 0)),""),"") -> 29/09/2009 | Y276: =Y275+10 -> 330002710 | Z276: =LEFT(Y276,8) -> 33000271 | AA276: UYÊN
A277: =IF(B277<>"",A276+1,"") -> 273 | B277: LÊ NGỌC KHÁNH VÂN | C277: 10A4 | D277: 33000272 | E277: 19826235 | F277: =IFERROR(IF(VLOOKUP(E277,J:J,1,0)=E277,"X",""),"") | G277: =IF(J277<>"", INDEX($C$5:$C$1433, MATCH(J277, $E$5:$E$1433, 0)),"") -> 11A5 | H277: =IF(J277<>"", INDEX($D$5:$D$1433, MATCH(J277, $E$5:$E$1433, 0)),"") -> 0 | I277: =IFERROR(IF(J277<>"", INDEX($B$5:$B$1433, MATCH(J277, $E$5:$E$1433, 0)),""),"SAI") -> LÊ NGUYỄN ANH KHÔI | J277: 32000706 | K277: 6:37:51 AM | L277: =IFERROR(IF($N$5="Sáng",IF(MID(K277,2,7)-MID($L$2,2,7)>0,"Trễ",""),IF(MID(K277,2,7)-MID($Q$2,2,7)>0,"Trễ","")),"") | M277: =IFERROR(IF($N$5="Sáng",MID(K277,2,7)-MID($L$2,2,7),MID(K277,2,7)-MID($Q$2,2,7)),"") -> -0.015381278 | Q277: =IF(B277<>"",IF(AND(P277="",F277=""),"Không phép ",""),"") -> Không phép | R277: =UPPER(B277) -> LÊ NGỌC KHÁNH VÂN | S277: 2026-2029 | T277: =IFERROR(IF(J277<>"", INDEX($S$5:$S$1433, MATCH(J277, $E$5:$E$1433, 0)),""),"") -> 2025-2028 | U277: 03/6/2011 | V277: =IFERROR(IF(J277<>"", INDEX($U$5:$U$1433, MATCH(J277, $E$5:$E$1433, 0)),""),"") -> 26/5/2010 | Y277: =Y276+10 -> 330002720 | Z277: =LEFT(Y277,8) -> 33000272 | AA277: VÂN
A278: =IF(B278<>"",A277+1,"") -> 274 | B278: LÊ TIẾN VINH | C278: 10A4 | D278: 33000273 | E278: 19935323 | F278: =IFERROR(IF(VLOOKUP(E278,J:J,1,0)=E278,"X",""),"") | G278: =IF(J278<>"", INDEX($C$5:$C$1433, MATCH(J278, $E$5:$E$1433, 0)),"") -> 12A9 | H278: =IF(J278<>"", INDEX($D$5:$D$1433, MATCH(J278, $E$5:$E$1433, 0)),"") -> 0 | I278: =IFERROR(IF(J278<>"", INDEX($B$5:$B$1433, MATCH(J278, $E$5:$E$1433, 0)),""),"SAI") -> LÊ MỸ KỲ | J278: 32000371 | K278: 6:37:52 AM | L278: =IFERROR(IF($N$5="Sáng",IF(MID(K278,2,7)-MID($L$2,2,7)>0,"Trễ",""),IF(MID(K278,2,7)-MID($Q$2,2,7)>0,"Trễ","")),"") | M278: =IFERROR(IF($N$5="Sáng",MID(K278,2,7)-MID($L$2,2,7),MID(K278,2,7)-MID($Q$2,2,7)),"") -> -0.015369704 | Q278: =IF(B278<>"",IF(AND(P278="",F278=""),"Không phép ",""),"") -> Không phép | R278: =UPPER(B278) -> LÊ TIẾN VINH | S278: 2026-2029 | T278: =IFERROR(IF(J278<>"", INDEX($S$5:$S$1433, MATCH(J278, $E$5:$E$1433, 0)),""),"") -> 2024-2027 | U278: 18/8/2011 | V278: =IFERROR(IF(J278<>"", INDEX($U$5:$U$1433, MATCH(J278, $E$5:$E$1433, 0)),""),"") -> 15/04/2009 | Y278: =Y277+10 -> 330002730 | Z278: =LEFT(Y278,8) -> 33000273 | AA278: VINH
A279: =IF(B279<>"",A278+1,"") -> 275 | B279: NGÔ NGỌC TƯỜNG VY | C279: 10A4 | D279: 33000274 | E279: 18763643 | F279: =IFERROR(IF(VLOOKUP(E279,J:J,1,0)=E279,"X",""),"") | G279: =IF(J279<>"", INDEX($C$5:$C$1433, MATCH(J279, $E$5:$E$1433, 0)),"") -> 12A9 | H279: =IF(J279<>"", INDEX($D$5:$D$1433, MATCH(J279, $E$5:$E$1433, 0)),"") -> 0 | I279: =IFERROR(IF(J279<>"", INDEX($B$5:$B$1433, MATCH(J279, $E$5:$E$1433, 0)),""),"SAI") -> LÊ MỸ KỲ | J279: 32000371 | K279: 6:37:53 AM | L279: =IFERROR(IF($N$5="Sáng",IF(MID(K279,2,7)-MID($L$2,2,7)>0,"Trễ",""),IF(MID(K279,2,7)-MID($Q$2,2,7)>0,"Trễ","")),"") | M279: =IFERROR(IF($N$5="Sáng",MID(K279,2,7)-MID($L$2,2,7),MID(K279,2,7)-MID($Q$2,2,7)),"") -> -0.01535813 | Q279: =IF(B279<>"",IF(AND(P279="",F279=""),"Không phép ",""),"") -> Không phép | R279: =UPPER(B279) -> NGÔ NGỌC TƯỜNG VY | S279: 2026-2029 | T279: =IFERROR(IF(J279<>"", INDEX($S$5:$S$1433, MATCH(J279, $E$5:$E$1433, 0)),""),"") -> 2024-2027 | U279: 23/7/2011 | V279: =IFERROR(IF(J279<>"", INDEX($U$5:$U$1433, MATCH(J279, $E$5:$E$1433, 0)),""),"") -> 15/04/2009 | Y279: =Y278+10 -> 330002740 | Z279: =LEFT(Y279,8) -> 33000274 | AA279: VY
A280: =IF(B280<>"",A279+1,"") -> 276 | B280: NGUYỄN NGỌC MINH VY | C280: 10A4 | D280: 33000275 | E280: 20632939 | F280: =IFERROR(IF(VLOOKUP(E280,J:J,1,0)=E280,"X",""),"") | G280: =IF(J280<>"", INDEX($C$5:$C$1433, MATCH(J280, $E$5:$E$1433, 0)),"") -> 12A9 | H280: =IF(J280<>"", INDEX($D$5:$D$1433, MATCH(J280, $E$5:$E$1433, 0)),"") -> 0 | I280: =IFERROR(IF(J280<>"", INDEX($B$5:$B$1433, MATCH(J280, $E$5:$E$1433, 0)),""),"SAI") -> LÊ MỸ KỲ | J280: 32000371 | K280: 6:37:54 AM | L280: =IFERROR(IF($N$5="Sáng",IF(MID(K280,2,7)-MID($L$2,2,7)>0,"Trễ",""),IF(MID(K280,2,7)-MID($Q$2,2,7)>0,"Trễ","")),"") | M280: =IFERROR(IF($N$5="Sáng",MID(K280,2,7)-MID($L$2,2,7),MID(K280,2,7)-MID($Q$2,2,7)),"") -> -0.015346556 | Q280: =IF(B280<>"",IF(AND(P280="",F280=""),"Không phép ",""),"") -> Không phép | R280: =UPPER(B280) -> NGUYỄN NGỌC MINH VY | S280: 2026-2029 | T280: =IFERROR(IF(J280<>"", INDEX($S$5:$S$1433, MATCH(J280, $E$5:$E$1433, 0)),""),"") -> 2024-2027 | U280: 04/4/2011 | V280: =IFERROR(IF(J280<>"", INDEX($U$5:$U$1433, MATCH(J280, $E$5:$E$1433, 0)),""),"") -> 15/04/2009 | Y280: =Y279+10 -> 330002750 | Z280: =LEFT(Y280,8) -> 33000275 | AA280: VY
...

Sheet Thongkengay
A1: THỐNG KÊ HỌC SINH VẮNG HỌC NGÀY | G1: 46284
A3: Thống kê học sinh vắng hôm nay
A4: TT | B4: HỌ VÀ TÊN | C4: lớp | D4: Phép | E4: Không phép | F4: ID PHHS | G4: THỐNG KÊ DANH SÁCH VẮNG THEO LỚP | R4: SL vang (zalo) | W4: Tổng số buổi vắng đến hiện tại là: | AE4: SLTRỄ | AF4: T/G TRỄ
A5: =IF(B5<>"",1,"") -> 1 | B5: TRẦN VIẾT BÌNH AN | C5: 10A1 | E5: Không phép | F5: 33000000 | R5: =IF(B5<>"", INDEX($V$8:$V$1491, MATCH(B5, $T$8:$T$1491, 0)),"") -> 3 | S5: THỐNG KÊ TỔNG SỐ BUỔI NGHỈ | AE5: =IF(B5<>"", INDEX($X$8:$X$1491, MATCH(B5, $T$8:$T$1491, 0)),"") -> 0 | AF5: =IF(AH8<>"", INDEX($AJ$8:$AJ$1491, MATCH(AH8, $T$8:$T$1491, 0)),"") -> 0.10461872
A6: =IF(B6<>"",A5+1,"") -> 2 | B6: NGUYỄN THỊ MAI ANH | C6: 10A1 | E6: Không phép | F6: 33000001 | G6: 10A1 | H6: 10A2 | I6: 10A3 | J6: 10A4 | K6: 10A5 | L6: 10A6 | M6: 10A7 | N6: 10A8 | O6: 10A9 | P6: 10A10 | Q6: 10A11 | R6: =IF(B6<>"", INDEX($V$8:$V$1491, MATCH(B6, $T$8:$T$1491, 0)),"") -> 3 | W6: APP TÁC PHONG HỌC SINH (số lần HS vi phạm tác phong) | AE6: =IF(B6<>"", INDEX($X$8:$X$1491, MATCH(B6, $T$8:$T$1491, 0)),"") -> 0 | AF6: =IF(AH9<>"", INDEX($AJ$8:$AJ$1491, MATCH(AH9, $T$8:$T$1491, 0)),"") -> 0.1046303 | AG6: DANH SÁCH TRỄ
A7: =IF(B7<>"",A6+1,"") -> 3 | B7: TRẦN HUỲNH KHÁNH BĂNG | C7: 10A1 | E7: Không phép | F7: 33000002 | G7: =COUNTIF($C$5:$C$1491,G6) -> 44 | H7: =COUNTIF($C$5:$C$1491,H6) -> 35 | I7: =COUNTIF($C$5:$C$1491,I6) -> 46 | J7: =COUNTIF($C$5:$C$1491,J6) -> 40 | K7: =COUNTIF($C$5:$C$1491,K6) -> 44 | L7: =COUNTIF($C$5:$C$1491,L6) -> 43 | M7: =COUNTIF($C$5:$C$1491,M6) -> 41 | N7: =COUNTIF($C$5:$C$1491,N6) -> 45 | ... Q7: =COUNTIF($C$5:$C$1491,Q6) -> 14 | R7: =IF(B7<>"", INDEX($V$8:$V$1491, MATCH(B7, $T$8:$T$1491, 0)),"") -> 3 | S7: TT | T7: HỌ VÀ TÊN | U7: LỚP | V7: SL VẮNG | W7: SL VẮNG1 | X7: SL trễ | Y7: DÉP LÊ | Z7: TÓC | AA7: SON | AB7: NÓI TỤC | AC7: XÃ RÁC | AD7: KHÁC (ghi cụ thể) | AE7: =IF(B7<>"", INDEX($X$8:$X$1491, MATCH(B7, $T$8:$T$1491, 0)),"") -> 0 | AF7: =IF(AH10<>"", INDEX($AJ$8:$AJ$1491, MATCH(AH10, $T$8:$T$1491, 0)),"") -> 0.142049 | AG7: TT | AH7: TÊN HS | AI7: LỚP | AJ7: TG TRỄ | AK7: Sl trễ
A8: =IF(B8<>"",A7+1,"") -> 4 | B8: TRẦN NGUYỄN THẾ BẢO | C8: 10A1 | E8: Không phép | F8: 33000003 | G8: 11A1 | H8: 11A2 | I8: 11A3 | J8: 11A4 | K8: 11A5 | L8: 11A6 | M8: 11A7 | N8: 11A8 | O8: 11A9 | P8: 11A10 | Q8: 11A11 | R8: =IF(B8<>"", INDEX($V$8:$V$1491, MATCH(B8, $T$8:$T$1491, 0)),"") -> 3 | S8: =IF(T8<>"",1,"") -> 1 | T8: =data!B5 -> TRẦN VIẾT BÌNH AN | U8: =data!C5 -> 10A1 | V8: 3 | Y8: ='10a1tr'!H2 -> 0 | Z8: ='10a1tr'!I2 -> 0 | AA8: ='10a1tr'!J2 -> 0 | AB8: ='10a1tr'!K2 -> 0 | AC8: ='10a1tr'!L2 -> 0 | AE8: =IF(B8<>"", INDEX($X$8:$X$1491, MATCH(B8, $T$8:$T$1491, 0)),"") -> 0 | AF8: =IF(AH11<>"", INDEX($AJ$8:$AJ$1491, MATCH(AH11, $T$8:$T$1491, 0)),"") -> 0 | AG8: =IF(AH8<>"",1,"") -> 1 | AH8: VÕ THÚY AN | AI8: 10A3 | AJ8: 0.1205678
A9: =IF(B9<>"",A8+1,"") -> 5 | B9: THÁI AN BÌNH | C9: 10A1 | E9: Không phép | F9: 33000004 | G9: =COUNTIF($C$5:$C$1491,G8) -> 9 | H9: =COUNTIF($C$5:$C$1491,H8) -> 14 | I9: =COUNTIF($C$5:$C$1491,I8) -> 22 | J9: =COUNTIF($C$5:$C$1491,J8) -> 17 | K9: =COUNTIF($C$5:$C$1491,K8) -> 13 | L9: =COUNTIF($C$5:$C$1491,L8) -> 19 | M9: =COUNTIF($C$5:$C$1491,M8) -> 23 | N9: =COUNTIF($C$5:$C$1491,N8) -> 15 | ... Q9: =COUNTIF($C$5:$C$1491,Q8) -> 0 | R9: =IF(B9<>"", INDEX($V$8:$V$1491, MATCH(B9, $T$8:$T$1491, 0)),"") -> 3 | S9: =IF(T9<>"",S8+1,"") -> 2 | T9: =data!B6 -> NGUYỄN THỊ MAI ANH | U9: =data!C6 -> 10A1 | V9: 3 | Y9: ='10a1tr'!H3 -> 0 | Z9: ='10a1tr'!I3 -> 0 | AA9: ='10a1tr'!J3 -> 0 | AB9: ='10a1tr'!K3 -> 0 | AC9: ='10a1tr'!L3 -> 0 | AE9: =IF(B9<>"", INDEX($X$8:$X$1491, MATCH(B9, $T$8:$T$1491, 0)),"") -> 0 | AF9: =IF(AH12<>"", INDEX($AJ$8:$AJ$1491, MATCH(AH12, $T$8:$T$1491, 0)),"") -> 0 | AG9: =IF(AH9<>"",AG8+1, "") -> 2 | AH9: LÊ HUỲNH ANH | AI9: 10A3 | AJ9: 0.12057937
A10: =IF(B10<>"",A9+1,"") -> 6 | B10: TRẦN VŨ NAM BÌNH | C10: 10A1 | E10: Không phép | F10: 33000005 | G10: 12A1 | H10: 12A2 | I10: 12A3 | J10: 12A4 | K10: 12A5 | L10: 12A6 | M10: 12A7 | N10: 12A8 | O10: 12A9 | P10: 12A10 | Q10: 12A11 | R10: =IF(B10<>"", INDEX($V$8:$V$1491, MATCH(B10, $T$8:$T$1491, 0)),"") -> 3 | S10: =IF(T10<>"",S9+1,"") -> 3 | T10: =data!B7 -> TRẦN HUỲNH KHÁNH BĂNG | U10: =data!C7 -> 10A1 | V10: 3 | Y10: ='10a1tr'!H4 -> 0 | Z10: ='10a1tr'!I4 -> 0 | AA10: ='10a1tr'!J4 -> 0 | AB10: ='10a1tr'!K4 -> 0 | AC10: ='10a1tr'!L4 -> 0 | AE10: =IF(B10<>"", INDEX($X$8:$X$1491, MATCH(B10, $T$8:$T$1491, 0)),"") -> 0 | AF10: =IF(AH13<>"", INDEX($AJ$8:$AJ$1491, MATCH(AH13, $T$8:$T$1491, 0)),"") -> 0 | AG10: =IF(AH10<>"",AG9+1, "") -> 3 | AH10: TRIỆU QUỐC BẢO | AI10: 10A3 | AJ10: 0.132894
A11: =IF(B11<>"",A10+1,"") -> 7 | B11: LÝ NGUYỄN KHÁNH DI | C11: 10A1 | E11: Không phép | F11: 33000006 | G11: =COUNTIF($C$5:$C$1491,G10) -> 5 | H11: =COUNTIF($C$5:$C$1491,H10) -> 11 | I11: =COUNTIF($C$5:$C$1491,I10) -> 1 | J11: =COUNTIF($C$5:$C$1491,J10) -> 6 | K11: =COUNTIF($C$5:$C$1491,K10) -> 5 | L11: =COUNTIF($C$5:$C$1491,L10) -> 6 | M11: =COUNTIF($C$5:$C$1491,M10) -> 6 | N11: =COUNTIF($C$5:$C$1491,N10) -> 6 | ... Q11: =COUNTIF($C$5:$C$1491,Q10) -> 1 | R11: =IF(B11<>"", INDEX($V$8:$V$1491, MATCH(B11, $T$8:$T$1491, 0)),"") -> 3 | S11: =IF(T11<>"",S10+1,"") -> 4 | T11: =data!B8 -> TRẦN NGUYỄN THẾ BẢO | U11: =data!C8 -> 10A1 | V11: 3 | Y11: ='10a1tr'!H5 -> 0 | Z11: ='10a1tr'!I5 -> 0 | AA11: ='10a1tr'!J5 -> 0 | AB11: ='10a1tr'!K5 -> 0 | AC11: ='10a1tr'!L5 -> 0 | AE11: =IF(B11<>"", INDEX($X$8:$X$1491, MATCH(B11, $T$8:$T$1491, 0)),"") -> 0 | AF11: =IF(AH14<>"", INDEX($AJ$8:$AJ$1491, MATCH(AH14, $T$8:$T$1491, 0)),"") -> 0 | AG11: =IF(AH11<>"",AG10+1, "") -> 4 | AH11: VÕ DUY THÁI | AI11: 12A10 | AJ11: 1.2240741e-05
A12: =IF(B12<>"",A11+1,"") -> 8 | B12: LÊ NGUYỄN HUYỀN DIỆU | C12: 10A1 | E12: Không phép | F12: 33000007 | G12: TỔNG SỐ: | I12: =SUM(G7:Q7,G9:Q9,G11:P11) -> 674 | R12: =IF(B12<>"", INDEX($V$8:$V$1491, MATCH(B12, $T$8:$T$1491, 0)),"") -> 3 | S12: =IF(T12<>"",S11+1,"") -> 5 | T12: =data!B9 -> THÁI AN BÌNH | U12: =data!C9 -> 10A1 | V12: 3 | Y12: ='10a1tr'!H6 -> 0 | Z12: ='10a1tr'!I6 -> 0 | AA12: ='10a1tr'!J6 -> 0 | AB12: ='10a1tr'!K6 -> 0 | AC12: ='10a1tr'!L6 -> 0 | AE12: =IF(B12<>"", INDEX($X$8:$X$1491, MATCH(B12, $T$8:$T$1491, 0)),"") -> 0 | AF12: =IF(AH15<>"", INDEX($AJ$8:$AJ$1491, MATCH(AH15, $T$8:$T$1491, 0)),"") -> 0 | AG12: =IF(AH12<>"",AG11+1, "") -> 5 | AH12: NGUYỄN VÕ MINH THƯ | AI12: 12A10 | AJ12: 9.3259259e-05
A13: =IF(B13<>"",A12+1,"") -> 9 | B13: HỨA THANH DUNG | C13: 10A1 | E13: Không phép | F13: 33000008 | R13: =IF(B13<>"", INDEX($V$8:$V$1491, MATCH(B13, $T$8:$T$1491, 0)),"") -> 3 | S13: =IF(T13<>"",S12+1,"") -> 6 | T13: =data!B10 -> TRẦN VŨ NAM BÌNH | U13: =data!C10 -> 10A1 | V13: 3 | Y13: ='10a1tr'!H7 -> 0 | Z13: ='10a1tr'!I7 -> 0 | AA13: ='10a1tr'!J7 -> 0 | AB13: ='10a1tr'!K7 -> 0 | AC13: ='10a1tr'!L7 -> 0 | AE13: =IF(B13<>"", INDEX($X$8:$X$1491, MATCH(B13, $T$8:$T$1491, 0)),"") -> 0 | AF13: =IF(AH16<>"", INDEX($AJ$8:$AJ$1491, MATCH(AH16, $T$8:$T$1491, 0)),"") -> 0 | AG13: =IF(AH13<>"",AG12+1, "") -> 6 | AH13: NGUYỄN VŨ BẢO THY | AI13: 12A10 | AJ13: 0.00013955556
A14: =IF(B14<>"",A13+1,"") -> 10 | B14: PHAN NGUYỄN THÙY DƯƠNG | C14: 10A1 | E14: Không phép | F14: 33000009 | R14: =IF(B14<>"", INDEX($V$8:$V$1491, MATCH(B14, $T$8:$T$1491, 0)),"") -> 3 | S14: =IF(T14<>"",S13+1,"") -> 7 | T14: =data!B11 -> LÝ NGUYỄN KHÁNH DI | U14: =data!C11 -> 10A1 | V14: 3 | Y14: ='10a1tr'!H8 -> 0 | Z14: ='10a1tr'!I8 -> 0 | AA14: ='10a1tr'!J8 -> 0 | AB14: ='10a1tr'!K8 -> 0 | AC14: ='10a1tr'!L8 -> 0 | AE14: =IF(B14<>"", INDEX($X$8:$X$1491, MATCH(B14, $T$8:$T$1491, 0)),"") -> 0 | AF14: =IF(AH17<>"", INDEX($AJ$8:$AJ$1491, MATCH(AH17, $T$8:$T$1491, 0)),"") -> 0 | AG14: =IF(AH14<>"",AG13+1, "") -> 7 | AH14: LÊ ĐOÀN BẢO THY | AI14: 12A10 | AJ14: 0.0016326111
A15: =IF(B15<>"",A14+1,"") -> 11 | B15: THÁI LÝ GIA HÂN | C15: 10A1 | E15: Không phép | F15: 33000010 | R15: =IF(B15<>"", INDEX($V$8:$V$1491, MATCH(B15, $T$8:$T$1491, 0)),"") -> 3 | S15: =IF(T15<>"",S14+1,"") -> 8 | T15: =data!B12 -> LÊ NGUYỄN HUYỀN DIỆU | U15: =data!C12 -> 10A1 | V15: 3 | Y15: ='10a1tr'!H9 -> 0 | Z15: ='10a1tr'!I9 -> 0 | AA15: ='10a1tr'!J9 -> 0 | AB15: ='10a1tr'!K9 -> 0 | AC15: ='10a1tr'!L9 -> 0 | AE15: =IF(B15<>"", INDEX($X$8:$X$1491, MATCH(B15, $T$8:$T$1491, 0)),"") -> 0 | AF15: =IF(AH18<>"", INDEX($AJ$8:$AJ$1491, MATCH(AH18, $T$8:$T$1491, 0)),"") -> 0 | AG15: =IF(AH15<>"",AG14+1, "") -> 8 | AH15: ĐẶNG NGUYỄN CÁT TƯỜNG | AI15: 12A10 | AJ15: 0.05089187
A16: =IF(B16<>"",A15+1,"") -> 12 | B16: NGUYỄN THỊ PHƯƠNG HẬU | C16: 10A1 | E16: Không phép | F16: 33000011 | R16: =IF(B16<>"", INDEX($V$8:$V$1491, MATCH(B16, $T$8:$T$1491, 0)),"") -> 3 | S16: =IF(T16<>"",S15+1,"") -> 9 | T16: =data!B13 -> HỨA THANH DUNG | U16: =data!C13 -> 10A1 | V16: 3 | Y16: ='10a1tr'!H10 -> 0 | Z16: ='10a1tr'!I10 -> 0 | AA16: ='10a1tr'!J10 -> 0 | AB16: ='10a1tr'!K10 -> 0 | AC16: ='10a1tr'!L10 -> 0 | AE16: =IF(B16<>"", INDEX($X$8:$X$1491, MATCH(B16, $T$8:$T$1491, 0)),"") -> 0 | AF16: =IF(AH19<>"", INDEX($AJ$8:$AJ$1491, MATCH(AH19, $T$8:$T$1491, 0)),"") -> 0 | AG16: =IF(AH16<>"",AG15+1, "") -> 9 | AH16: NGUYỄN TRỌNG VĨ | AI16: 12A10 | AJ16: 0.11128539
A17: =IF(B17<>"",A16+1,"") -> 13 | B17: TRẦN VĨ HIỆP | C17: 10A1 | E17: Không phép | F17: 33000012 | R17: =IF(B17<>"", INDEX($V$8:$V$1491, MATCH(B17, $T$8:$T$1491, 0)),"") -> 3 | S17: =IF(T17<>"",S16+1,"") -> 10 | T17: =data!B14 -> PHAN NGUYỄN THÙY DƯƠNG | U17: =data!C14 -> 10A1 | V17: 3 | Y17: ='10a1tr'!H11 -> 0 | Z17: ='10a1tr'!I11 -> 0 | AA17: ='10a1tr'!J11 -> 0 | AB17: ='10a1tr'!K11 -> 0 | AC17: ='10a1tr'!L11 -> 0 | AE17: =IF(B17<>"", INDEX($X$8:$X$1491, MATCH(B17, $T$8:$T$1491, 0)),"") -> 0 | AF17: =IF(AH20<>"", INDEX($AJ$8:$AJ$1491, MATCH(AH20, $T$8:$T$1491, 0)),"") -> 0 | AG17: =IF(AH17<>"",AG16+1, "") -> 10 | AH17: HUỲNH QUỐC VINH | AI17: 12A10 | AJ17: 0.147963
A18: =IF(B18<>"",A17+1,"") -> 14 | B18: VÕ LÊ GIA HUY | C18: 10A1 | E18: Không phép | F18: 33000013 | R18: =IF(B18<>"", INDEX($V$8:$V$1491, MATCH(B18, $T$8:$T$1491, 0)),"") -> 3 | S18: =IF(T18<>"",S17+1,"") -> 11 | T18: =data!B15 -> THÁI LÝ GIA HÂN | U18: =data!C15 -> 10A1 | V18: 3 | Y18: ='10a1tr'!H12 -> 0 | Z18: ='10a1tr'!I12 -> 0 | AA18: ='10a1tr'!J12 -> 0 | AB18: ='10a1tr'!K12 -> 0 | AC18: ='10a1tr'!L12 -> 0 | AE18: =IF(B18<>"", INDEX($X$8:$X$1491, MATCH(B18, $T$8:$T$1491, 0)),"") -> 0 | AF18: =IF(AH21<>"", INDEX($AJ$8:$AJ$1491, MATCH(AH21, $T$8:$T$1491, 0)),"") -> 0 | AG18: =IF(AH18<>"",AG17+1, "") -> 11 | AH18: NGÔ TRƯỜNG VŨ | AI18: 12A10 | AJ18: 0.147975
A19: =IF(B19<>"",A18+1,"") -> 15 | B19: LÊ NGỌC KHANH | C19: 10A1 | E19: Không phép | F19: 33000015 | R19: =IF(B19<>"", INDEX($V$8:$V$1491, MATCH(B19, $T$8:$T$1491, 0)),"") -> 3 | S19: =IF(T19<>"",S18+1,"") -> 12 | T19: =data!B16 -> NGUYỄN THỊ PHƯƠNG HẬU | U19: =data!C16 -> 10A1 | V19: 3 | Y19: ='10a1tr'!H13 -> 0 | Z19: ='10a1tr'!I13 -> 0 | AA19: ='10a1tr'!J13 -> 0 | AB19: ='10a1tr'!K13 -> 0 | AC19: ='10a1tr'!L13 -> 0 | AE19: =IF(B19<>"", INDEX($X$8:$X$1491, MATCH(B19, $T$8:$T$1491, 0)),"") -> 0 | AF19: =IF(AH22<>"", INDEX($AJ$8:$AJ$1491, MATCH(AH22, $T$8:$T$1491, 0)),"") -> 0 | AG19: =IF(AH19<>"",AG18+1, "") -> 12 | AH19: TRƯƠNG THẢO VY | AI19: 12A10 | AJ19: 0.149213
A20: =IF(B20<>"",A19+1,"") -> 16 | B20: NGUYỄN HOÀNG GIA KHÁNH | C20: 10A1 | E20: Không phép | F20: 33000016 | R20: =IF(B20<>"", INDEX($V$8:$V$1491, MATCH(B20, $T$8:$T$1491, 0)),"") -> 3 | S20: =IF(T20<>"",S19+1,"") -> 13 | T20: =data!B17 -> TRẦN VĨ HIỆP | U20: =data!C17 -> 10A1 | V20: 3 | Y20: ='10a1tr'!H14 -> 0 | Z20: ='10a1tr'!I14 -> 0 | AA20: ='10a1tr'!J14 -> 0 | AB20: ='10a1tr'!K14 -> 0 | AC20: ='10a1tr'!L14 -> 0 | AE20: =IF(B20<>"", INDEX($X$8:$X$1491, MATCH(B20, $T$8:$T$1491, 0)),"") -> 0 | AF20: =IF(AH23<>"", INDEX($AJ$8:$AJ$1491, MATCH(AH23, $T$8:$T$1491, 0)),"") -> 0 | AG20: =IF(AH20<>"",AG19+1, "") -> 13 | AH20: VÕ NGỌC PHƯƠNG VY | AI20: 12A10 | AJ20: 0.149225
A21: =IF(B21<>"",A20+1,"") -> 17 | B21: ĐỖ THỊ TRÚC LAM | C21: 10A1 | E21: Không phép | F21: 33000017 | R21: =IF(B21<>"", INDEX($V$8:$V$1491, MATCH(B21, $T$8:$T$1491, 0)),"") -> 3 | S21: =IF(T21<>"",S20+1,"") -> 14 | T21: =data!B18 -> VÕ LÊ GIA HUY | U21: =data!C18 -> 10A1 | V21: 3 | Y21: ='10a1tr'!H15 -> 0 | Z21: ='10a1tr'!I15 -> 0 | AA21: ='10a1tr'!J15 -> 0 | AB21: ='10a1tr'!K15 -> 0 | AC21: ='10a1tr'!L15 -> 0 | AE21: =IF(B21<>"", INDEX($X$8:$X$1491, MATCH(B21, $T$8:$T$1491, 0)),"") -> 0 | AF21: =IF(AH24<>"", INDEX($AJ$8:$AJ$1491, MATCH(AH24, $T$8:$T$1491, 0)),"") -> 0 | AG21: =IF(AH21<>"",AG20+1, "") -> 14 | AH21: TRẦN THỊ ÁNH XUÂN | AI21: 12A10 | AJ21: 0.150185
A22: =IF(B22<>"",A21+1,"") -> 18 | B22: LÝ NGỌC VÂN LAM | C22: 10A1 | E22: Không phép | F22: 33000018 | R22: =IF(B22<>"", INDEX($V$8:$V$1491, MATCH(B22, $T$8:$T$1491, 0)),"") -> 3 | S22: =IF(T22<>"",S21+1,"") -> 15 | T22: =data!B19 -> TỐNG THỊ NGỌC HUỲNH | U22: =data!C19 -> 10A1 | V22: 1 | Y22: ='10a1tr'!H16 -> 0 | Z22: ='10a1tr'!I16 -> 0 | AA22: ='10a1tr'!J16 -> 0 | AB22: ='10a1tr'!K16 -> 0 | AC22: ='10a1tr'!L16 -> 0 | AE22: =IF(B22<>"", INDEX($X$8:$X$1491, MATCH(B22, $T$8:$T$1491, 0)),"") -> 0 | AF22: =IF(AH25<>"", INDEX($AJ$8:$AJ$1491, MATCH(AH25, $T$8:$T$1491, 0)),"") -> 0 | AG22: =IF(AH22<>"",AG21+1, "") -> 15 | AH22: NGUYỄN NGỌC NHƯ Ý | AI22: 12A10 | AJ22: 0.150278
A23: =IF(B23<>"",A22+1,"") -> 19 | B23: LÊ MỸ LINH | C23: 10A1 | E23: Không phép | F23: 33000019 | R23: =IF(B23<>"", INDEX($V$8:$V$1491, MATCH(B23, $T$8:$T$1491, 0)),"") -> 3 | S23: =IF(T23<>"",S22+1,"") -> 16 | T23: =data!B20 -> LÊ NGỌC KHANH | U23: =data!C20 -> 10A1 | V23: 3 | Y23: ='10a1tr'!H17 -> 0 | Z23: ='10a1tr'!I17 -> 0 | AA23: ='10a1tr'!J17 -> 0 | AB23: ='10a1tr'!K17 -> 0 | AC23: ='10a1tr'!L17 -> 0 | AE23: =IF(B23<>"", INDEX($X$8:$X$1491, MATCH(B23, $T$8:$T$1491, 0)),"") -> 0 | AF23: =IF(AH26<>"", INDEX($AJ$8:$AJ$1491, MATCH(AH26, $T$8:$T$1491, 0)),"") -> 0 | AG23: =IF(AH23<>"",AG22+1, "") -> 16 | AH23: LƯU NGUYỄN NGỌC ÁI | AI23: 12A11 | AJ23: 0.150278
A24: =IF(B24<>"",A23+1,"") -> 20 | B24: PHẠM LÊ THANH NGÂN | C24: 10A1 | E24: Không phép | F24: 33000020 | R24: =IF(B24<>"", INDEX($V$8:$V$1491, MATCH(B24, $T$8:$T$1491, 0)),"") -> 3 | S24: =IF(T24<>"",S23+1,"") -> 17 | T24: =data!B21 -> NGUYỄN HOÀNG GIA KHÁNH | U24: =data!C21 -> 10A1 | V24: 3 | Y24: ='10a1tr'!H18 -> 0 | Z24: ='10a1tr'!I18 -> 0 | AA24: ='10a1tr'!J18 -> 0 | AB24: ='10a1tr'!K18 -> 0 | AC24: ='10a1tr'!L18 -> 0 | AE24: =IF(B24<>"", INDEX($X$8:$X$1491, MATCH(B24, $T$8:$T$1491, 0)),"") -> 0 | AF24: =IF(AH27<>"", INDEX($AJ$8:$AJ$1491, MATCH(AH27, $T$8:$T$1491, 0)),"") -> 0.152523 | AG24: =IF(AH24<>"",AG23+1, "") -> 17 | AH24: ĐÀM PHƯƠNG AN | AI24: 12A11 | AJ24: 0.150509
... A58: =IF(B58<>"",A57+1,"") -> 54 | B58: NGUYỄN NHẤT HUY | C58: 10A10 | E58: Không phép | F58: 33000055 | R58: =IF(B58<>"", INDEX($V$8:$V$1491, MATCH(B58, $T$8:$T$1491, 0)),"") -> 3 | S58: =IF(T58<>"",S57+1,"") -> 51 | T58: =data!B55 -> TRẦN GIA BẢO | U58: =data!C55 -> 10A10 | V58: 3 | Y58: ='10a1tr'!H52 -> 0 | Z58: ='10a1tr'!I52 -> 0 | AA58: ='10a1tr'!J52 -> 0 | AB58: ='10a1tr'!K52 -> 0 | AC58: ='10a1tr'!L52 -> 0 | AE58: =IF(B58<>"", INDEX($X$8:$X$1491, MATCH(B58, $T$8:$T$1491, 0)),"") -> 0 | AF58: =IF(AH61<>"", INDEX($AJ$8:$AJ$1491, MATCH(AH61, $T$8:$T$1491, 0)),"") -> 0 | AG58: =IF(AH58<>"",AG57+1, "") -> 51 | AH58: NGUYỄN NGỌC NHƯ Ý | AI58: 12A11 | AJ58: 0.152512
A59: =IF(B59<>"",A58+1,"") -> 55 | B59: HUỲNH LÂM QUỐC KHÁNH | C59: 10A10 | E59: Không phép | F59: 33000056 | R59: =IF(B59<>"", INDEX($V$8:$V$1491, MATCH(B59, $T$8:$T$1491, 0)),"") -> 3 | S59: =IF(T59<>"",S58+1,"") -> 52 | T59: =data!B56 -> NGUYỄN BẢO CHÂU | U59: =data!C56 -> 10A10 | V59: 3 | X59: 2 | Y59: ='10a1tr'!H53 -> 0 | Z59: ='10a1tr'!I53 -> 0 | AA59: ='10a1tr'!J53 -> 0 | AB59: ='10a1tr'!K53 -> 0 | AC59: ='10a1tr'!L53 -> 0 | AE59: =IF(B59<>"", INDEX($X$8:$X$1491, MATCH(B59, $T$8:$T$1491, 0)),"") -> 0 | AF59: =IF(AH62<>"", INDEX($AJ$8:$AJ$1491, MATCH(AH62, $T$8:$T$1491, 0)),"") -> 0 | AG59: =IF(AH59<>"",AG58+1, "") -> 52 | AH59: TRƯƠNG THỊ THUÝ AN | AI59: 12A2 | AJ59: 0.152523
A60: =IF(B60<>"",A59+1,"") -> 56 | B60: PHẠM TRẦN MINH KHÔI | C60: 10A10 | E60: Không phép | F60: 33000057 | R60: =IF(B60<>"", INDEX($V$8:$V$1491, MATCH(B60, $T$8:$T$1491, 0)),"") -> 3 | S60: =IF(T60<>"",S59+1,"") -> 53 | T60: =data!B57 -> HUỲNH CHÍ ĐẠO | U60: =data!C57 -> 10A10 | V60: 3 | Y60: ='10a1tr'!H54 -> 0 | Z60: ='10a1tr'!I54 -> 0 | AA60: ='10a1tr'!J54 -> 0 | AB60: ='10a1tr'!K54 -> 0 | AC60: ='10a1tr'!L54 -> 0 | AE60: =IF(B60<>"", INDEX($X$8:$X$1491, MATCH(B60, $T$8:$T$1491, 0)),"") -> 0 | AF60: =IF(AH63<>"", INDEX($AJ$8:$AJ$1491, MATCH(AH63, $T$8:$T$1491, 0)),"") -> 0 | AG60: =IF(AH60<>"",AG59+1, "") -> 53 | AH60: LÂM NHÃ ÂN | AI60: 12A2 | AJ60: 0.152523
A61: =IF(B61<>"",A60+1,"") -> 57 | B61: TRƯƠNG TRÍ KHÔI | C61: 10A10 | E61: Không phép | F61: 33000058 | R61: =IF(B61<>"", INDEX($V$8:$V$1491, MATCH(B61, $T$8:$T$1491, 0)),"") -> 3 | S61: =IF(T61<>"",S60+1,"") -> 54 | T61: =data!B58 -> NGUYỄN MAI SƠN GIANG | U61: =data!C58 -> 10A10 | V61: 3 | Y61: ='10a1tr'!H55 -> 0 | Z61: ='10a1tr'!I55 -> 0 | AA61: ='10a1tr'!J55 -> 0 | AB61: ='10a1tr'!K55 -> 0 | AC61: ='10a1tr'!L55 -> 0 | AE61: =IF(B61<>"", INDEX($X$8:$X$1491, MATCH(B61, $T$8:$T$1491, 0)),"") -> 0 | AF61: =IF(AH64<>"", INDEX($AJ$8:$AJ$1491, MATCH(AH64, $T$8:$T$1491, 0)),"") -> 0 | AG61: =IF(AH61<>"",AG60+1, "") -> 54 | AH61: LÊ CAO HOÀNG ANH | AI61: 12A2 | AJ61: 0.152546
A62: =IF(B62<>"",A61+1,"") -> 58 | B62: VÕ DUY KHÔI | C62: 10A10 | E62: Không phép | F62: 33000059 | R62: =IF(B62<>"", INDEX($V$8:$V$1491, MATCH(B62, $T$8:$T$1491, 0)),"") -> 3 | S62: =IF(T62<>"",S61+1,"") -> 55 | T62: =data!B59 -> ĐẶNG QUANG HOÀNG HIỆP | U62: =data!C59 -> 10A10 | V62: 3 | Y62: ='10a1tr'!H56 -> 0 | Z62: ='10a1tr'!I56 -> 0 | AA62: ='10a1tr'!J56 -> 0 | AB62: ='10a1tr'!K56 -> 0 | AC62: ='10a1tr'!L56 -> 0 | AE62: =IF(B62<>"", INDEX($X$8:$X$1491, MATCH(B62, $T$8:$T$1491, 0)),"") -> 0 | AF62: =IF(AH65<>"", INDEX($AJ$8:$AJ$1491, MATCH(AH65, $T$8:$T$1491, 0)),"") -> 0 | AG62: =IF(AH62<>"",AG61+1, "") -> 55 | AH62: TRẦN KỲ ANH | AI62: 12A2 | AJ62: 0.152546
A63: =IF(B63<>"",A62+1,"") -> 59 | B63: PHẠM THỊ CẨM LY | C63: 10A10 | E63: Không phép | F63: 33000060 | R63: =IF(B63<>"", INDEX($V$8:$V$1491, MATCH(B63, $T$8:$T$1491, 0)),"") -> 3 | S63: =IF(T63<>"",S62+1,"") -> 56 | T63: =data!B60 -> NGUYỄN NHẤT HUY | U63: =data!C60 -> 10A10 | V63: 3 | Y63: ='10a1tr'!H57 -> 0 | Z63: ='10a1tr'!I57 -> 0 | AA63: ='10a1tr'!J57 -> 0 | AB63: ='10a1tr'!K57 -> 0 | AC63: ='10a1tr'!L57 -> 0 | AE63: =IF(B63<>"", INDEX($X$8:$X$1491, MATCH(B63, $T$8:$T$1491, 0)),"") -> 0 | AF63: =IF(AH66<>"", INDEX($AJ$8:$AJ$1491, MATCH(AH66, $T$8:$T$1491, 0)),"") -> 0 | AG63: =IF(AH63<>"",AG62+1, "") -> 56 | AH63: VÕ LAN ANH | AI63: 12A2 | AJ63: 0.152558
A64: =IF(B64<>"",A63+1,"") -> 60 | B64: DANH THỊ NGỌC MAI | C64: 10A10 | E64: Không phép | F64: 33000061 | R64: =IF(B64<>"", INDEX($V$8:$V$1491, MATCH(B64, $T$8:$T$1491, 0)),"") -> 3 | S64: =IF(T64<>"",S63+1,"") -> 57 | T64: =data!B61 -> HUỲNH LÂM QUỐC KHÁNH | U64: =data!C61 -> 10A10 | V64: 3 | Y64: ='10a1tr'!H58 -> 0 | Z64: ='10a1tr'!I58 -> 0 | AA64: ='10a1tr'!J58 -> 0 | AB64: ='10a1tr'!K58 -> 0 | AC64: ='10a1tr'!L58 -> 0 | AE64: =IF(B64<>"", INDEX($X$8:$X$1491, MATCH(B64, $T$8:$T$1491, 0)),"") -> 0 | AF64: =IF(AH67<>"", INDEX($AJ$8:$AJ$1491, MATCH(AH67, $T$8:$T$1491, 0)),"") -> 0 | AG64: =IF(AH64<>"",AG63+1, "") -> 57 | AH64: DANH NGUYỄN VIẾT GIA BẢO | AI64: 12A2 | AJ64: 0.15257
A65: =IF(B65<>"",A64+1,"") -> 61 | B65: TĂNG LÊ NHỰT MINH | C65: 10A10 | E65: Không phép | F65: 33000062 | R65: =IF(B65<>"", INDEX($V$8:$V$1491, MATCH(B65, $T$8:$T$1491, 0)),"") -> 3 | S65: =IF(T65<>"",S64+1,"") -> 58 | T65: =data!B62 -> PHẠM TRẦN MINH KHÔI | U65: =data!C62 -> 10A10 | V65: 3 | Y65: ='10a1tr'!H59 -> 0 | Z65: ='10a1tr'!I59 -> 0 | AA65: ='10a1tr'!J59 -> 0 | AB65: ='10a1tr'!K59 -> 0 | AC65: ='10a1tr'!L59 -> 0 | AE65: =IF(B65<>"", INDEX($X$8:$X$1491, MATCH(B65, $T$8:$T$1491, 0)),"") -> 0 | AF65: =IF(AH68<>"", INDEX($AJ$8:$AJ$1491, MATCH(AH68, $T$8:$T$1491, 0)),"") -> 0 | AG65: =IF(AH65<>"",AG64+1, "") -> 58 | AH65: NGUYỄN LÊ BÌNH | AI65: 12A2 | AJ65: 0.152581
A66: =IF(B66<>"",A65+1,"") -> 62 | B66: NGUYỄN VÕ THÙY MUỘI | C66: 10A10 | E66: Không phép | F66: 33000063 | R66: =IF(B66<>"", INDEX($V$8:$V$1491, MATCH(B66, $T$8:$T$1491, 0)),"") -> 3 | S66: =IF(T66<>"",S65+1,"") -> 59 | T66: =data!B63 -> TRƯƠNG TRÍ KHÔI | U66: =data!C63 -> 10A10 | V66: 3 | Y66: ='10a1tr'!H60 -> 0 | Z66: ='10a1tr'!I60 -> 0 | AA66: ='10a1tr'!J60 -> 0 | AB66: ='10a1tr'!K60 -> 0 | AC66: ='10a1tr'!L60 -> 0 | AE66: =IF(B66<>"", INDEX($X$8:$X$1491, MATCH(B66, $T$8:$T$1491, 0)),"") -> 0 | AF66: =IF(AH69<>"", INDEX($AJ$8:$AJ$1491, MATCH(AH69, $T$8:$T$1491, 0)),"") -> 0 | AG66: =IF(AH66<>"",AG65+1, "") -> 59 | AH66: LÊ THỊ THU CÚC | AI66: 12A2 | AJ66: 0.152581
A67: =IF(B67<>"",A66+1,"") -> 63 | B67: NGUYỄN DƯƠNG DIỄM MY | C67: 10A10 | E67: Không phép | F67: 33000064 | R67: =IF(B67<>"", INDEX($V$8:$V$1491, MATCH(B67, $T$8:$T$1491, 0)),"") -> 3 | S67: =IF(T67<>"",S66+1,"") -> 60 | T67: =data!B64 -> VÕ DUY KHÔI | U67: =data!C64 -> 10A10 | V67: 3 | Y67: ='10a1tr'!H61 -> 0 | Z67: ='10a1tr'!I61 -> 0 | AA67: ='10a1tr'!J61 -> 0 | AB67: ='10a1tr'!K61 -> 0 | AC67: ='10a1tr'!L61 -> 0 | AE67: =IF(B67<>"", INDEX($X$8:$X$1491, MATCH(B67, $T$8:$T$1491, 0)),"") -> 0 | AF67: =IF(AH70<>"", INDEX($AJ$8:$AJ$1491, MATCH(AH70, $T$8:$T$1491, 0)),"") -> 0 | AG67: =IF(AH67<>"",AG66+1, "") -> 60 | AH67: ĐẶNG MINH ĐĂNG | AI67: 12A2 | AJ67: 0.152593
A68: =IF(B68<>"",A67+1,"") -> 64 | B68: NGUYỄN NGỌC KHÁNH NGÂN | C68: 10A10 | E68: Không phép | F68: 33000065 | R68: =IF(B68<>"", INDEX($V$8:$V$1491, MATCH(B68, $T$8:$T$1491, 0)),"") -> 3 | S68: =IF(T68<>"",S67+1,"") -> 61 | T68: =data!B65 -> PHẠM THỊ CẨM LY | U68: =data!C65 -> 10A10 | V68: 3 | Y68: ='10a1tr'!H62 -> 0 | Z68: ='10a1tr'!I62 -> 0 | AA68: ='10a1tr'!J62 -> 0 | AB68: ='10a1tr'!K62 -> 0 | AC68: ='10a1tr'!L62 -> 0 | AE68: =IF(B68<>"", INDEX($X$8:$X$1491, MATCH(B68, $T$8:$T$1491, 0)),"") -> 0 | AF68: =IF(AH71<>"", INDEX($AJ$8:$AJ$1491, MATCH(AH71, $T$8:$T$1491, 0)),"") -> 0 | AG68: =IF(AH68<>"",AG67+1, "") -> 61 | AH68: LÊ TRỌNG ĐẠT | AI68: 12A2 | AJ68: 0.152604
A69: =IF(B69<>"",A68+1,"") -> 65 | B69: TRẦN PHƯƠNG THANH NGÂN | C69: 10A10 | E69: Không phép | F69: 33000066 | R69: =IF(B69<>"", INDEX($V$8:$V$1491, MATCH(B69, $T$8:$T$1491, 0)),"") -> 3 | S69: =IF(T69<>"",S68+1,"") -> 62 | T69: =data!B66 -> DANH THỊ NGỌC MAI | U69: =data!C66 -> 10A10 | V69: 3 | Y69: ='10a1tr'!H63 -> 0 | Z69: ='10a1tr'!I63 -> 0 | AA69: ='10a1tr'!J63 -> 0 | AB69: ='10a1tr'!K63 -> 0 | AC69: ='10a1tr'!L63 -> 0 | AE69: =IF(B69<>"", INDEX($X$8:$X$1491, MATCH(B69, $T$8:$T$1491, 0)),"") -> 0 | AF69: =IF(AH72<>"", INDEX($AJ$8:$AJ$1491, MATCH(AH72, $T$8:$T$1491, 0)),"") -> 0 | AG69: =IF(AH69<>"",AG68+1, "") -> 62 | AH69: LÊ ĐÌNH DUY | AI69: 12A2 | AJ69: 0.152604
A70: =IF(B70<>"",A69+1,"") -> 66 | B70: LÊ KIM NGỌC | C70: 10A10 | E70: Không phép | F70: 33000067 | R70: =IF(B70<>"", INDEX($V$8:$V$1491, MATCH(B70, $T$8:$T$1491, 0)),"") -> 3 | S70: =IF(T70<>"",S69+1,"") -> 63 | T70: =data!B67 -> TĂNG LÊ NHỰT MINH | U70: =data!C67 -> 10A10 | V70: 3 | Y70: ='10a1tr'!H64 -> 0 | Z70: ='10a1tr'!I64 -> 0 | AA70: ='10a1tr'!J64 -> 0 | AB70: ='10a1tr'!K64 -> 0 | AC70: ='10a1tr'!L64 -> 0 | AE70: =IF(B70<>"", INDEX($X$8:$X$1491, MATCH(B70, $T$8:$T$1491, 0)),"") -> 0 | AF70: =IF(AH73<>"", INDEX($AJ$8:$AJ$1491, MATCH(AH73, $T$8:$T$1491, 0)),"") -> 0 | AG70: =IF(AH70<>"",AG69+1, "") -> 63 | AH70: BÙI THỊ CẨM GIANG | AI70: 12A2 | AJ70: 0.152627
A71: =IF(B71<>"",A70+1,"") -> 67 | B71: NGUYỄN LÊ THU NGỌC | C71: 10A10 | E71: Không phép | F71: 33000068 | R71: =IF(B71<>"", INDEX($V$8:$V$1491, MATCH(B71, $T$8:$T$1491, 0)),"") -> 3 | S71: =IF(T71<>"",S70+1,"") -> 64 | T71: =data!B68 -> NGUYỄN VÕ THÙY MUỘI | U71: =data!C68 -> 10A10 | V71: 3 | Y71: ='10a1tr'!H65 -> 0 | Z71: ='10a1tr'!I65 -> 0 | AA71: ='10a1tr'!J65 -> 0 | AB71: ='10a1tr'!K65 -> 0 | AC71: ='10a1tr'!L65 -> 0 | AE71: =IF(B71<>"", INDEX($X$8:$X$1491, MATCH(B71, $T$8:$T$1491, 0)),"") -> 0 | AF71: =IF(AH74<>"", INDEX($AJ$8:$AJ$1491, MATCH(AH74, $T$8:$T$1491, 0)),"") -> 0 | AG71: =IF(AH71<>"",AG70+1, "") -> 64 | AH71: TRẦN BẢO HÂN | AI71: 12A2 | AJ71: 0.152627
... A82: =IF(B82<>"",A81+1,"") -> 78 | B82: BÙI MINH THƯ | C82: 10A10 | E82: Không phép | F82: 33000079 | R82: =IF(B82<>"", INDEX($V$8:$V$1491, MATCH(B82, $T$8:$T$1491, 0)),"") -> 3 | S82: =IF(T82<>"",S81+1,"") -> 75 | T82: =data!B79 -> PHAN TẤN PHÁT | U82: =data!C79 -> 10A10 | V82: 3 | Y82: ='10a1tr'!H76 -> 0 | Z82: ='10a1tr'!I76 -> 0 | AA82: ='10a1tr'!J76 -> 0 | AB82: ='10a1tr'!K76 -> 0 | AC82: ='10a1tr'!L76 -> 0 | AE82: =IF(B82<>"", INDEX($X$8:$X$1491, MATCH(B82, $T$8:$T$1491, 0)),"") -> 0 | AF82: =IF(AH85<>"", INDEX($AJ$8:$AJ$1491, MATCH(AH85, $T$8:$T$1491, 0)),"") -> 0 | AG82: =IF(AH82<>"",AG81+1, "") -> 75 | AH82: LÊ HOÀNG MINH NGUYỆT | AI82: 12A2 | AJ82: 0.152755
A83: =IF(B83<>"",A82+1,"") -> 79 | B83: NGUYỄN THỊ ANH THƯ | C83: 10A10 | E83: Không phép | F83: 33000080 | R83: =IF(B83<>"", INDEX($V$8:$V$1491, MATCH(B83, $T$8:$T$1491, 0)),"") -> 3 | S83: =IF(T83<>"",S82+1,"") -> 76 | T83: =data!B81 -> NGUYỄN THANH PHÚC | U83: =data!C81 -> 10A10 | V83: 3 | Y83: ='10a1tr'!H77 -> 0 | Z83: ='10a1tr'!I77 -> 0 | AA83: ='10a1tr'!J77 -> 0 | AB83: ='10a1tr'!K77 -> 0 | AC83: ='10a1tr'!L77 -> 0 | AE83: =IF(B83<>"", INDEX($X$8:$X$1491, MATCH(B83, $T$8:$T$1491, 0)),"") -> 0 | AF83: =IF(AH86<>"", INDEX($AJ$8:$AJ$1491, MATCH(AH86, $T$8:$T$1491, 0)),"") -> 0 | AG83: =IF(AH83<>"",AG82+1, "") -> 76 | AH83: VŨ PHAN THIỆN NHÂN | AI83: 12A2 | AJ83: 0.152766
A84: =IF(B84<>"",A83+1,"") -> 80 | B84: NGUYỄN NGỌC TRÂM | C84: 10A10 | E84: Không phép | F84: 33000081 | R84: =IF(B84<>"", INDEX($V$8:$V$1491, MATCH(B84, $T$8:$T$1491, 0)),"") -> 3 | S84: =IF(T84<>"",S83+1,"") -> 77 | T84: =data!B82 -> BÙI KHANG AN PHƯỚC | U84: =data!C82 -> 10A10 | V84: 3 | Y84: ='10a1tr'!H78 -> 0 | Z84: ='10a1tr'!I78 -> 0 | AA84: ='10a1tr'!J78 -> 0 | AB84: ='10a1tr'!K78 -> 0 | AC84: ='10a1tr'!L78 -> 0 | AE84: =IF(B84<>"", INDEX($X$8:$X$1491, MATCH(B84, $T$8:$T$1491, 0)),"") -> 0 | AF84: =IF(AH87<>"", INDEX($AJ$8:$AJ$1491, MATCH(AH87, $T$8:$T$1491, 0)),"") -> 0 | AG84: =IF(AH84<>"",AG83+1, "") -> 77 | AH84: HOÀNG YẾN NHI | AI84: 12A2 | AJ84: 0.152778
A85: =IF(B85<>"",A84+1,"") -> 81 | B85: TRẦN THIÊN TRƯỜNG | C85: 10A10 | E85: Không phép | F85: 33000082 | R85: =IF(B85<>"", INDEX($V$8:$V$1491, MATCH(B85, $T$8:$T$1491, 0)),"") -> 3 | S85: =IF(T85<>"",S84+1,"") -> 78 | T85: =data!B83 -> NGUYỄN PHƯƠNG THẢO | U85: =data!C83 -> 10A10 | V85: 3 | X85: 3 | Y85: ='10a1tr'!H79 -> 0 | Z85: ='10a1tr'!I79 -> 0 | AA85: ='10a1tr'!J79 -> 0 | AB85: ='10a1tr'!K79 -> 0 | AC85: ='10a1tr'!L79 -> 0 | AE85: =IF(B85<>"", INDEX($X$8:$X$1491, MATCH(B85, $T$8:$T$1491, 0)),"") -> 0 | AF85: =IF(AH88<>"", INDEX($AJ$8:$AJ$1491, MATCH(AH88, $T$8:$T$1491, 0)),"") -> 0 | AG85: =IF(AH85<>"",AG84+1, "") -> 78 | AH85: NGUYỄN TUỆ NHI | AI85: 12A2 | AJ85: 0.15279
A86: =IF(B86<>"",A85+1,"") -> 82 | B86: PHẠM DUY TƯỜNG | C86: 10A10 | E86: Không phép | F86: 33000083 | R86: =IF(B86<>"", INDEX($V$8:$V$1491, MATCH(B86, $T$8:$T$1491, 0)),"") -> 3 | S86: =IF(T86<>"",S85+1,"") -> 79 | T86: =data!B84 -> BÙI MINH THƯ | U86: =data!C84 -> 10A10 | V86: 3 | Y86: ='10a1tr'!H80 -> 0 | Z86: ='10a1tr'!I80 -> 0 | AA86: ='10a1tr'!J80 -> 0 | AB86: ='10a1tr'!K80 -> 0 | AC86: ='10a1tr'!L80 -> 0 | AE86: =IF(B86<>"", INDEX($X$8:$X$1491, MATCH(B86, $T$8:$T$1491, 0)),"") -> 0 | AF86: =IF(AH89<>"", INDEX($AJ$8:$AJ$1491, MATCH(AH89, $T$8:$T$1491, 0)),"") -> 0 | AG86: =IF(AH86<>"",AG85+1, "") -> 79 | AH86: HUỲNH THỊ KIỀU OANH | AI86: 12A2 | AJ86: 0.152801
A87: =IF(B87<>"",A86+1,"") -> 83 | B87: TRẦN GIA TƯỜNG | C87: 10A10 | E87: Không phép | F87: 33000084 | R87: =IF(B87<>"", INDEX($V$8:$V$1491, MATCH(B87, $T$8:$T$1491, 0)),"") -> 3 | S87: =IF(T87<>"",S86+1,"") -> 80 | T87: =data!B85 -> NGUYỄN THỊ ANH THƯ | U87: =data!C85 -> 10A10 | V87: 3 | Y87: ='10a1tr'!H81 -> 0 | Z87: ='10a1tr'!I81 -> 0 | AA87: ='10a1tr'!J81 -> 0 | AB87: ='10a1tr'!K81 -> 0 | AC87: ='10a1tr'!L81 -> 0 | AE87: =IF(B87<>"", INDEX($X$8:$X$1491, MATCH(B87, $T$8:$T$1491, 0)),"") -> 0 | AF87: =IF(AH90<>"", INDEX($AJ$8:$AJ$1491, MATCH(AH90, $T$8:$T$1491, 0)),"") -> 0 | AG87: =IF(AH87<>"",AG86+1, "") -> 80 | AH87: NGUYỄN NHÃ QUỲNH | AI87: 12A2 | AJ87: 0.152813
A88: =IF(B88<>"",A87+1,"") -> 84 | B88: NGUYỄN NGỌC TỶ | C88: 10A10 | E88: Không phép | F88: 33000085 | R88: =IF(B88<>"", INDEX($V$8:$V$1491, MATCH(B88, $T$8:$T$1491, 0)),"") -> 2 | S88: =IF(T88<>"",S87+1,"") -> 81 | T88: =data!B86 -> NGUYỄN NGỌC TRÂM | U88: =data!C86 -> 10A10 | V88: 3 | Y88: ='10a1tr'!H82 -> 0 | Z88: ='10a1tr'!I82 -> 0 | AA88: ='10a1tr'!J82 -> 0 | AB88: ='10a1tr'!K82 -> 0 | AC88: ='10a1tr'!L82 -> 0 | AE88: =IF(B88<>"", INDEX($X$8:$X$1491, MATCH(B88, $T$8:$T$1491, 0)),"") -> 0 | AF88: =IF(AH91<>"", INDEX($AJ$8:$AJ$1491, MATCH(AH91, $T$8:$T$1491, 0)),"") -> 0 | AG88: =IF(AH88<>"",AG87+1, "") -> 81 | AH88: QUÁCH GIA THẢO | AI88: 12A2 | AJ88: 0.152824
A89: =IF(B89<>"",A88+1,"") -> 85 | B89: LÊ CÁT TƯỜNG VY | C89: 10A10 | E89: Không phép | F89: 33000086 | R89: =IF(B89<>"", INDEX($V$8:$V$1491, MATCH(B89, $T$8:$T$1491, 0)),"") -> 3 | S89: =IF(T89<>"",S88+1,"") -> 82 | T89: =data!B87 -> TRẦN THIÊN TRƯỜNG | U89: =data!C87 -> 10A10 | V89: 3 | Y89: ='10a1tr'!H83 -> 0 | Z89: ='10a1tr'!I83 -> 0 | AA89: ='10a1tr'!J83 -> 0 | AB89: ='10a1tr'!K83 -> 0 | AC89: ='10a1tr'!L83 -> 0 | AE89: =IF(B89<>"", INDEX($X$8:$X$1491, MATCH(B89, $T$8:$T$1491, 0)),"") -> 0 | AF89: =IF(AH92<>"", INDEX($AJ$8:$AJ$1491, MATCH(AH92, $T$8:$T$1491, 0)),"") -> 0 | AG89: =IF(AH89<>"",AG88+1, "") -> 82 | AH89: TRANG PHÚ THỊNH | AI89: 12A2 | AJ89: 0.152847
A90: =IF(B90<>"",A89+1,"") -> 86 | B90: NGUYỄN HUỲNH PHƯƠNG VY | C90: 10A10 | E90: Không phép | F90: 33000087 | R90: =IF(B90<>"", INDEX($V$8:$V$1491, MATCH(B90, $T$8:$T$1491, 0)),"") -> 3 | S90: =IF(T90<>"",S89+1,"") -> 83 | T90: =data!B88 -> PHẠM DUY TƯỜNG | U90: =data!C88 -> 10A10 | V90: 3 | Y90: ='10a1tr'!H84 -> 0 | Z90: ='10a1tr'!I84 -> 0 | AA90: ='10a1tr'!J84 -> 0 | AB90: ='10a1tr'!K84 -> 0 | AC90: ='10a1tr'!L84 -> 0 | AE90: =IF(B90<>"", INDEX($X$8:$X$1491, MATCH(B90, $T$8:$T$1491, 0)),"") -> 0 | AF90: =IF(AH93<>"", INDEX($AJ$8:$AJ$1491, MATCH(AH93, $T$8:$T$1491, 0)),"") -> 0 | AG90: =IF(AH90<>"",AG89+1, "") -> 83 | AH90: PHAN MINH THƯ | AI90: 12A2 | AJ90: 0.152859
A91: =IF(B91<>"",A90+1,"") -> 87 | B91: PHAN DƯƠNG TƯỜNG VY | C91: 10A10 | E91: Không phép | F91: 33000088 | R91: =IF(B91<>"", INDEX($V$8:$V$1491, MATCH(B91, $T$8:$T$1491, 0)),"") -> 3 | S91: =IF(T91<>"",S90+1,"") -> 84 | T91: =data!B89 -> TRẦN GIA TƯỜNG | U91: =data!C89 -> 10A10 | V91: 3 | Y91: ='10a1tr'!H85 -> 0 | Z91: ='10a1tr'!I85 -> 0 | AA91: ='10a1tr'!J85 -> 0 | AB91: ='10a1tr'!K85 -> 0 | AC91: ='10a1tr'!L85 -> 0 | AE91: =IF(B91<>"", INDEX($X$8:$X$1491, MATCH(B91, $T$8:$T$1491, 0)),"") -> 0 | AF91: =IF(AH94<>"", INDEX($AJ$8:$AJ$1491, MATCH(AH94, $T$8:$T$1491, 0)),"") -> 0 | AG91: =IF(AH91<>"",AG90+1, "") -> 84 | AH91: DƯƠNG THÁI QUỲNH TRÂM | AI91: 12A2 | AJ91: 0.152871
A92: =IF(B92<>"",A91+1,"") -> 88 | B92: PHAN THỊ TƯỜNG VY | C92: 10A10 | E92: Không phép | F92: 33000089 | R92: =IF(B92<>"", INDEX($V$8:$V$1491, MATCH(B92, $T$8:$T$1491, 0)),"") -> 3 | S92: =IF(T92<>"",S91+1,"") -> 85 | T92: =data!B90 -> NGUYỄN NGỌC TỶ | U92: =data!C90 -> 10A10 | V92: 2 | Y92: ='10a1tr'!H86 -> 0 | Z92: ='10a1tr'!I86 -> 0 | AA92: ='10a1tr'!J86 -> 0 | AB92: ='10a1tr'!K86 -> 0 | AC92: ='10a1tr'!L86 -> 0 | AE92: =IF(B92<>"", INDEX($X$8:$X$1491, MATCH(B92, $T$8:$T$1491, 0)),"") -> 0 | AF92: =IF(AH95<>"", INDEX($AJ$8:$AJ$1491, MATCH(AH95, $T$8:$T$1491, 0)),"") -> 0 | AG92: =IF(AH92<>"",AG91+1, "") -> 85 | AH92: NGUYỄN KHÁNH TRÂN | AI92: 12A2 | AJ92: 0.152882
A93: =IF(B93<>"",A92+1,"") -> 89 | B93: DANH THẠCH THỊ NHƯ Ý | C93: 10A10 | E93: Không phép | F93: 33000090 | R93: =IF(B93<>"", INDEX($V$8:$V$1491, MATCH(B93, $T$8:$T$1491, 0)),"") -> 3 | S93: =IF(T93<>"",S92+1,"") -> 86 | T93: =data!B91 -> LÊ CÁT TƯỜNG VY | U93: =data!C91 -> 10A10 | V93: 3 | Y93: ='10a1tr'!H87 -> 0 | Z93: ='10a1tr'!I87 -> 0 | AA93: ='10a1tr'!J87 -> 0 | AB93: ='10a1tr'!K87 -> 0 | AC93: ='10a1tr'!L87 -> 0 | AE93: =IF(B93<>"", INDEX($X$8:$X$1491, MATCH(B93, $T$8:$T$1491, 0)),"") -> 0 | AF93: =IF(AH96<>"", INDEX($AJ$8:$AJ$1491, MATCH(AH96, $T$8:$T$1491, 0)),"") -> 0 | AG93: =IF(AH93<>"",AG92+1, "") -> 86 | AH93: NGUYỄN NGỌC TRÚC | AI93: 12A2 | AJ93: 0.152905
A94: =IF(B94<>"",A93+1,"") -> 90 | B94: TRẦN HOÀNG THIÊN ÂN | C94: 10A11 | E94: Không phép | F94: 33000091 | R94: =IF(B94<>"", INDEX($V$8:$V$1491, MATCH(B94, $T$8:$T$1491, 0)),"") -> 3 | S94: =IF(T94<>"",S93+1,"") -> 87 | T94: =data!B92 -> NGUYỄN HUỲNH PHƯƠNG VY | U94: =data!C92 -> 10A10 | V94: 3 | Y94: ='10a1tr'!H88 -> 0 | Z94: ='10a1tr'!I88 -> 0 | AA94: ='10a1tr'!J88 -> 0 | AB94: ='10a1tr'!K88 -> 0 | AC94: ='10a1tr'!L88 -> 0 | AE94: =IF(B94<>"", INDEX($X$8:$X$1491, MATCH(B94, $T$8:$T$1491, 0)),"") -> 0 | AF94: =IF(AH97<>"", INDEX($AJ$8:$AJ$1491, MATCH(AH97, $T$8:$T$1491, 0)),"") -> 0 | AG94: =IF(AH94<>"",AG93+1, "") -> 87 | AH94: LÊ HOÀNG TUẤN | AI94: 12A2 | AJ94: 0.152917
A95: =IF(B95<>"",A94+1,"") -> 91 | B95: NGUYỄN QUỲNH ANH | C95: 10A11 | E95: Không phép | F95: 33000092 | R95: =IF(B95<>"", INDEX($V$8:$V$1491, MATCH(B95, $T$8:$T$1491, 0)),"") -> 3 | S95: =IF(T95<>"",S94+1,"") -> 88 | T95: =data!B93 -> PHAN DƯƠNG TƯỜNG VY | U95: =data!C93 -> 10A10 | V95: 3 | Y95: ='10a1tr'!H89 -> 0 | Z95: ='10a1tr'!I89 -> 0 | AA95: ='10a1tr'!J89 -> 0 | AB95: ='10a1tr'!K89 -> 0 | AC95: ='10a1tr'!L89 -> 0 | AE95: =IF(B95<>"", INDEX($X$8:$X$1491, MATCH(B95, $T$8:$T$1491, 0)),"") -> 0 | AF95: =IF(AH98<>"", INDEX($AJ$8:$AJ$1491, MATCH(AH98, $T$8:$T$1491, 0)),"") -> 0 | AG95: =IF(AH95<>"",AG94+1, "") -> 88 | AH95: TRẦN MINH TUẤN | AI95: 12A2 | AJ95: 0.15294
A96: =IF(B96<>"",A95+1,"") -> 92 | B96: TRẦN LÊ DIỆU ANH | C96: 10A11 | E96: Không phép | F96: 33000093 | R96: =IF(B96<>"", INDEX($V$8:$V$1491, MATCH(B96, $T$8:$T$1491, 0)),"") -> 3 | S96: =IF(T96<>"",S95+1,"") -> 89 | T96: =data!B94 -> PHAN THỊ TƯỜNG VY | U96: =data!C94 -> 10A10 | V96: 3 | Y96: ='10a1tr'!H90 -> 0 | Z96: ='10a1tr'!I90 -> 0 | AA96: ='10a1tr'!J90 -> 0 | AB96: ='10a1tr'!K90 -> 0 | AC96: ='10a1tr'!L90 -> 0 | AE96: =IF(B96<>"", INDEX($X$8:$X$1491, MATCH(B96, $T$8:$T$1491, 0)),"") -> 0 | AF96: =IF(AH99<>"", INDEX($AJ$8:$AJ$1491, MATCH(AH99, $T$8:$T$1491, 0)),"") -> 0 | AG96: =IF(AH96<>"",AG95+1, "") -> 89 | AH96: NGUYỄN CAO NHÃ UYÊN | AI96: 12A2 | AJ96: 0.15294
A97: =IF(B97<>"",A96+1,"") -> 93 | B97: TRẦN THỊ QUỲNH ANH | C97: 10A11 | E97: Không phép | F97: 33000094 | R97: =IF(B97<>"", INDEX($V$8:$V$1491, MATCH(B97, $T$8:$T$1491, 0)),"") -> 3 | S97: =IF(T97<>"",S96+1,"") -> 90 | T97: =data!B95 -> DANH THẠCH THỊ NHƯ Ý | U97: =data!C95 -> 10A10 | V97: 3 | Y97: ='10a1tr'!H91 -> 0 | Z97: ='10a1tr'!I91 -> 0 | AA97: ='10a1tr'!J91 -> 0 | AB97: ='10a1tr'!K91 -> 0 | AC97: ='10a1tr'!L91 -> 0 | AE97: =IF(B97<>"", INDEX($X$8:$X$1491, MATCH(B97, $T$8:$T$1491, 0)),"") -> 0 | AF97: =IF(AH100<>"", INDEX($AJ$8:$AJ$1491, MATCH(AH100, $T$8:$T$1491, 0)),"") -> 0 | AG97: =IF(AH97<>"",AG96+1, "") -> 90 | AH97: PHAN THỊ NGỌC UYỂN | AI97: 12A2 | AJ97: 0.152952
... A111: =IF(B111<>"",A110+1,"") -> 107 | B111: TRƯƠNG QUANG BÌNH | C111: 10A2 | E111: Không phép | F111: 33000140 | R111: =IF(B111<>"", INDEX($V$8:$V$1491, MATCH(B111, $T$8:$T$1491, 0)),"") -> 3 | S111: =IF(T111<>"",S110+1,"") -> 104 | T111: =data!B109 -> DANH KIỆT | U111: =data!C109 -> 10A11 | V111: 3 | Y111: ='10a1tr'!H105 -> 0 | Z111: ='10a1tr'!I105 -> 0 | AA111: ='10a1tr'!J105 -> 0 | AB111: ='10a1tr'!K105 -> 0 | AC111: ='10a1tr'!L105 -> 0 | AE111: =IF(B111<>"", INDEX($X$8:$X$1491, MATCH(B111, $T$8:$T$1491, 0)),"") -> 0 | AF111: =IF(AH114<>"", INDEX($AJ$8:$AJ$1491, MATCH(AH114, $T$8:$T$1491, 0)),"") -> 0 | AG111: =IF(AH111<>"",AG110+1, "") -> 104 | AH111: TÔ PHƯỚC DUY | AI111: 12A3 | AJ111: 0.153114
A112: =IF(B112<>"",A111+1,"") -> 108 | B112: NGUYỄN NGỌC BẢO CHÂU | C112: 10A2 | E112: Không phép | F112: 33000141 | R112: =IF(B112<>"", INDEX($V$8:$V$1491, MATCH(B112, $T$8:$T$1491, 0)),"") -> 3 | S112: =IF(T112<>"",S111+1,"") -> 105 | T112: =data!B110 -> TRẦN ANH KIỆT | U112: =data!C110 -> 10A11 | Y112: ='10a1tr'!H106 -> 0 | Z112: ='10a1tr'!I106 -> 0 | AA112: ='10a1tr'!J106 -> 0 | AB112: ='10a1tr'!K106 -> 0 | AC112: ='10a1tr'!L106 -> 0 | AE112: =IF(B112<>"", INDEX($X$8:$X$1491, MATCH(B112, $T$8:$T$1491, 0)),"") -> 0 | AF112: =IF(AH115<>"", INDEX($AJ$8:$AJ$1491, MATCH(AH115, $T$8:$T$1491, 0)),"") -> 0 | AG112: =IF(AH112<>"",AG111+1, "") -> 105 | AH112: KHA HÂN HÂN | AI112: 12A3 | AJ112: 0.153114
A113: =IF(B113<>"",A112+1,"") -> 109 | B113: NGUYỄN THỊ KIM CƯƠNG | C113: 10A2 | E113: Không phép | F113: 33000143 | R113: =IF(B113<>"", INDEX($V$8:$V$1491, MATCH(B113, $T$8:$T$1491, 0)),"") -> 3 | S113: =IF(T113<>"",S112+1,"") -> 106 | T113: =data!B111 -> LÊ NGỌC THIÊN KIM | U113: =data!C111 -> 10A11 | Y113: ='10a1tr'!H107 -> 0 | Z113: ='10a1tr'!I107 -> 0 | AA113: ='10a1tr'!J107 -> 0 | AB113: ='10a1tr'!K107 -> 0 | AC113: ='10a1tr'!L107 -> 0 | AE113: =IF(B113<>"", INDEX($X$8:$X$1491, MATCH(B113, $T$8:$T$1491, 0)),"") -> 0 | AF113: =IF(AH116<>"", INDEX($AJ$8:$AJ$1491, MATCH(AH116, $T$8:$T$1491, 0)),"") -> 0 | AG113: =IF(AH113<>"",AG112+1, "") -> 106 | AH113: ĐÀO VÕ PHƯƠNG HIẾU | AI113: 12A3 | AJ113: 0.153125
A114: =IF(B114<>"",A113+1,"") -> 110 | B114: LÊ NHÃ ĐAN | C114: 10A2 | E114: Không phép | F114: 33000144 | R114: =IF(B114<>"", INDEX($V$8:$V$1491, MATCH(B114, $T$8:$T$1491, 0)),"") -> 3 | S114: =IF(T114<>"",S113+1,"") -> 107 | T114: =data!B112 -> PHAN NGỌC MỸ KIM | U114: =data!C112 -> 10A11 | Y114: ='10a1tr'!H108 -> 0 | Z114: ='10a1tr'!I108 -> 0 | AA114: ='10a1tr'!J108 -> 0 | AB114: ='10a1tr'!K108 -> 0 | AC114: ='10a1tr'!L108 -> 0 | AE114: =IF(B114<>"", INDEX($X$8:$X$1491, MATCH(B114, $T$8:$T$1491, 0)),"") -> 0 | AF114: =IF(AH117<>"", INDEX($AJ$8:$AJ$1491, MATCH(AH117, $T$8:$T$1491, 0)),"") -> 0 | AG114: =IF(AH114<>"",AG113+1, "") -> 107 | AH114: LÊ NGỌC HOÀNG | AI114: 12A3 | AJ114: 0.153137
A115: =IF(B115<>"",A114+1,"") -> 111 | B115: DANH HIỀN | C115: 10A2 | E115: Không phép | F115: 33000149 | R115: =IF(B115<>"", INDEX($V$8:$V$1491, MATCH(B115, $T$8:$T$1491, 0)),"") -> 3 | S115: =IF(T115<>"",S114+1,"") -> 108 | T115: =data!B113 -> DANH THỊ THANH LAM | U115: =data!C113 -> 10A11 | Y115: ='10a1tr'!H109 -> 0 | Z115: ='10a1tr'!I109 -> 0 | AA115: ='10a1tr'!J109 -> 0 | AB115: ='10a1tr'!K109 -> 0 | AC115: ='10a1tr'!L109 -> 0 | AE115: =IF(B115<>"", INDEX($X$8:$X$1491, MATCH(B115, $T$8:$T$1491, 0)),"") -> 0 | AF115: =IF(AH118<>"", INDEX($AJ$8:$AJ$1491, MATCH(AH118, $T$8:$T$1491, 0)),"") -> 0 | AG115: =IF(AH115<>"",AG114+1, "") -> 108 | AH115: TRƯƠNG THỊ MỸ HƯƠNG | AI115: 12A3 | AJ115: 0.15316
A116: =IF(B116<>"",A115+1,"") -> 112 | B116: PHẠM THỊ DIỆU HIỀN | C116: 10A2 | E116: Không phép | F116: 33000150 | R116: =IF(B116<>"", INDEX($V$8:$V$1491, MATCH(B116, $T$8:$T$1491, 0)),"") -> 3 | S116: =IF(T116<>"",S115+1,"") -> 109 | T116: =data!B114 -> NGUYỄN VÕ THÙY LÂM | U116: =data!C114 -> 10A11 | Y116: ='10a1tr'!H110 -> 0 | Z116: ='10a1tr'!I110 -> 0 | AA116: ='10a1tr'!J110 -> 0 | AB116: ='10a1tr'!K110 -> 0 | AC116: ='10a1tr'!L110 -> 0 | AE116: =IF(B116<>"", INDEX($X$8:$X$1491, MATCH(B116, $T$8:$T$1491, 0)),"") -> 0 | AF116: =IF(AH119<>"", INDEX($AJ$8:$AJ$1491, MATCH(AH119, $T$8:$T$1491, 0)),"") -> 0 | AG116: =IF(AH116<>"",AG115+1, "") -> 109 | AH116: NGUYỄN GIA HUY | AI116: 12A3 | AJ116: 0.153183
A117: =IF(B117<>"",A116+1,"") -> 113 | B117: TRƯƠNG THỊ THU HOÀI | C117: 10A2 | E117: Không phép | F117: 33000151 | R117: =IF(B117<>"", INDEX($V$8:$V$1491, MATCH(B117, $T$8:$T$1491, 0)),"") -> 3 | S117: =IF(T117<>"",S116+1,"") -> 110 | T117: =data!B115 -> HUỲNH THỊ THU LAN | U117: =data!C115 -> 10A11 | Y117: ='10a1tr'!H111 -> 0 | Z117: ='10a1tr'!I111 -> 0 | AA117: ='10a1tr'!J111 -> 0 | AB117: ='10a1tr'!K111 -> 0 | AC117: ='10a1tr'!L111 -> 0 | AE117: =IF(B117<>"", INDEX($X$8:$X$1491, MATCH(B117, $T$8:$T$1491, 0)),"") -> 0 | AF117: =IF(AH120<>"", INDEX($AJ$8:$AJ$1491, MATCH(AH120, $T$8:$T$1491, 0)),"") -> 0 | AG117: =IF(AH117<>"",AG116+1, "") -> 110 | AH117: NGUYỄN QUANG HUY | AI117: 12A3 | AJ117: 0.153183
A118: =IF(B118<>"",A117+1,"") -> 114 | B118: DƯƠNG VĂN ĐÌNH HUY | C118: 10A2 | E118: Không phép | F118: 33000152 | R118: =IF(B118<>"", INDEX($V$8:$V$1491, MATCH(B118, $T$8:$T$1491, 0)),"") -> 3 | S118: =IF(T118<>"",S117+1,"") -> 111 | T118: =data!B116 -> NGUYỄN XUÂN LỘC | U118: =data!C116 -> 10A11 | Y118: ='10a1tr'!H112 -> 0 | Z118: ='10a1tr'!I112 -> 0 | AA118: ='10a1tr'!J112 -> 0 | AB118: ='10a1tr'!K112 -> 0 | AC118: ='10a1tr'!L112 -> 0 | AE118: =IF(B118<>"", INDEX($X$8:$X$1491, MATCH(B118, $T$8:$T$1491, 0)),"") -> 0 | AF118: =IF(AH121<>"", INDEX($AJ$8:$AJ$1491, MATCH(AH121, $T$8:$T$1491, 0)),"") -> 0 | AG118: =IF(AH118<>"",AG117+1, "") -> 111 | AH118: NGUYỄN QUỐC HUY | AI118: 12A3 | AJ118: 0.153195
A119: =IF(B119<>"",A118+1,"") -> 115 | B119: THÁI HUỲNH GIA KHIÊM | C119: 10A2 | E119: Không phép | F119: 33000153 | R119: =IF(B119<>"", INDEX($V$8:$V$1491, MATCH(B119, $T$8:$T$1491, 0)),"") -> 3 | S119: =IF(T119<>"",S118+1,"") -> 112 | T119: =data!B117 -> NGUYỄN QUỐC MĨ | U119: =data!C117 -> 10A11 | Y119: ='10a1tr'!H113 -> 0 | Z119: ='10a1tr'!I113 -> 0 | AA119: ='10a1tr'!J113 -> 0 | AB119: ='10a1tr'!K113 -> 0 | AC119: ='10a1tr'!L113 -> 0 | AE119: =IF(B119<>"", INDEX($X$8:$X$1491, MATCH(B119, $T$8:$T$1491, 0)),"") -> 0 | AF119: =IF(AH122<>"", INDEX($AJ$8:$AJ$1491, MATCH(AH122, $T$8:$T$1491, 0)),"") -> 0 | AG119: =IF(AH119<>"",AG118+1, "") -> 112 | AH119: TRẦN QUỐC GIA KHƯƠNG | AI119: 12A3 | AJ119: 0.153206
A120: =IF(B120<>"",A119+1,"") -> 116 | B120: TRANG NHẬT KHOA | C120: 10A2 | E120: Không phép | F120: 33000154 | R120: =IF(B120<>"", INDEX($V$8:$V$1491, MATCH(B120, $T$8:$T$1491, 0)),"") -> 3 | S120: =IF(T120<>"",S119+1,"") -> 113 | T120: =data!B118 -> NGUYỄN TRIỆU BÍCH NGÂN | U120: =data!C118 -> 10A11 | Y120: ='10a1tr'!H114 -> 0 | Z120: ='10a1tr'!I114 -> 0 | AA120: ='10a1tr'!J114 -> 0 | AB120: ='10a1tr'!K114 -> 0 | AC120: ='10a1tr'!L114 -> 0 | AE120: =IF(B120<>"", INDEX($X$8:$X$1491, MATCH(B120, $T$8:$T$1491, 0)),"") -> 0 | AF120: =IF(AH123<>"", INDEX($AJ$8:$AJ$1491, MATCH(AH123, $T$8:$T$1491, 0)),"") -> 0 | AG120: =IF(AH120<>"",AG119+1, "") -> 113 | AH120: TRẦN MINH KIỆT | AI120: 12A3 | AJ120: 0.153218
A121: =IF(B121<>"",A120+1,"") -> 117 | B121: TRƯƠNG THỊ TƯỜNG LAM | C121: 10A2 | E121: Không phép | F121: 33000156 | R121: =IF(B121<>"", INDEX($V$8:$V$1491, MATCH(B121, $T$8:$T$1491, 0)),"") -> 3 | S121: =IF(T121<>"",S120+1,"") -> 114 | T121: =data!B119 -> LƯU PHỤNG NGHI | U121: =data!C119 -> 10A11 | Y121: ='10a1tr'!H115 -> 0 | Z121: ='10a1tr'!I115 -> 0 | AA121: ='10a1tr'!J115 -> 0 | AB121: ='10a1tr'!K115 -> 0 | AC121: ='10a1tr'!L115 -> 0 | AE121: =IF(B121<>"", INDEX($X$8:$X$1491, MATCH(B121, $T$8:$T$1491, 0)),"") -> 0 | AF121: =IF(AH124<>"", INDEX($AJ$8:$AJ$1491, MATCH(AH124, $T$8:$T$1491, 0)),"") -> 0 | AG121: =IF(AH121<>"",AG120+1, "") -> 114 | AH121: HUỲNH GIA KỲ | AI121: 12A3 | AJ121: 0.153229
A122: =IF(B122<>"",A121+1,"") -> 118 | B122: TRẦN CHÚC LIÊN | C122: 10A2 | E122: Không phép | F122: 33000157 | R122: =IF(B122<>"", INDEX($V$8:$V$1491, MATCH(B122, $T$8:$T$1491, 0)),"") -> 3 | S122: =IF(T122<>"",S121+1,"") -> 115 | T122: =data!B120 -> PHẠM NGỌC PHƯƠNG NGHI | U122: =data!C120 -> 10A11 | Y122: ='10a1tr'!H116 -> 0 | Z122: ='10a1tr'!I116 -> 0 | AA122: ='10a1tr'!J116 -> 0 | AB122: ='10a1tr'!K116 -> 0 | AC122: ='10a1tr'!L116 -> 0 | AE122: =IF(B122<>"", INDEX($X$8:$X$1491, MATCH(B122, $T$8:$T$1491, 0)),"") -> 0 | AF122: =IF(AH125<>"", INDEX($AJ$8:$AJ$1491, MATCH(AH125, $T$8:$T$1491, 0)),"") -> 0 | AG122: =IF(AH122<>"",AG121+1, "") -> 115 | AH122: BÙI NGUYỄN HUỲNH MAI | AI122: 12A3 | AJ122: 0.153426
A123: =IF(B123<>"",A122+1,"") -> 119 | B123: PHẠM BẢO NGÂN | C123: 10A2 | E123: Không phép | F123: 33000161 | R123: =IF(B123<>"", INDEX($V$8:$V$1491, MATCH(B123, $T$8:$T$1491, 0)),"") -> 3 | S123: =IF(T123<>"",S122+1,"") -> 116 | T123: =data!B121 -> LÊ THỊ HỒNG NGỌC | U123: =data!C121 -> 10A11 | Y123: ='10a1tr'!H117 -> 0 | Z123: ='10a1tr'!I117 -> 0 | AA123: ='10a1tr'!J117 -> 0 | AB123: ='10a1tr'!K117 -> 0 | AC123: ='10a1tr'!L117 -> 0 | AE123: =IF(B123<>"", INDEX($X$8:$X$1491, MATCH(B123, $T$8:$T$1491, 0)),"") -> 0 | AF123: =IF(AH126<>"", INDEX($AJ$8:$AJ$1491, MATCH(AH126, $T$8:$T$1491, 0)),"") -> 0 | AG123: =IF(AH123<>"",AG122+1, "") -> 116 | AH123: NGUYỄN NGỌC MAI | AI123: 12A3 | AJ123: 0.153461
... A134: =IF(B134<>"",A133+1,"") -> 130 | B134: TRẦN ANH THƠ | C134: 10A2 | E134: Không phép | F134: 33000174 | R134: =IF(B134<>"", INDEX($V$8:$V$1491, MATCH(B134, $T$8:$T$1491, 0)),"") -> 3 | S134: =IF(T134<>"",S133+1,"") -> 127 | T134: =data!B132 -> NGUYỄN HỒNG THÚY | U134: =data!C132 -> 10A11 | Y134: ='10a1tr'!H128 -> 0 | Z134: ='10a1tr'!I128 -> 0 | AA134: ='10a1tr'!J128 -> 0 | AB134: ='10a1tr'!K128 -> 0 | AC134: ='10a1tr'!L128 -> 0 | AE134: =IF(B134<>"", INDEX($X$8:$X$1491, MATCH(B134, $T$8:$T$1491, 0)),"") -> 0 | AF134: =IF(AH137<>"", INDEX($AJ$8:$AJ$1491, MATCH(AH137, $T$8:$T$1491, 0)),"") | AG134: =IF(AH134<>"",AG133+1, "") -> 127 | AH134: VÕ HUỲNH LAN THANH | AI134: 12A3 | AJ134: 0.17838
A135: =IF(B135<>"",A134+1,"") -> 131 | B135: PHAN THỊ ANH THUYÊN | C135: 10A2 | E135: Không phép | F135: 33000175 | R135: =IF(B135<>"", INDEX($V$8:$V$1491, MATCH(B135, $T$8:$T$1491, 0)),"") -> 3 | S135: =IF(T135<>"",S134+1,"") -> 128 | T135: =data!B133 -> VĂN THỊ THÙY TRANG | U135: =data!C133 -> 10A11 | Y135: ='10a1tr'!H129 -> 0 | Z135: ='10a1tr'!I129 -> 0 | AA135: ='10a1tr'!J129 -> 0 | AB135: ='10a1tr'!K129 -> 0 | AC135: ='10a1tr'!L129 -> 0 | AE135: =IF(B135<>"", INDEX($X$8:$X$1491, MATCH(B135, $T$8:$T$1491, 0)),"") -> 0 | AF135: =IF(AH138<>"", INDEX($AJ$8:$AJ$1491, MATCH(AH138, $T$8:$T$1491, 0)),"") | AG135: =IF(AH135<>"",AG134+1, "") | AJ135: 0.167338
A136: =IF(B136<>"",A135+1,"") -> 132 | B136: PHAN THỦY TIÊN | C136: 10A2 | E136: Không phép | F136: 33000176 | R136: =IF(B136<>"", INDEX($V$8:$V$1491, MATCH(B136, $T$8:$T$1491, 0)),"") -> 3 | S136: =IF(T136<>"",S135+1,"") -> 129 | T136: =data!B134 -> NGUYỄN THANH TRÚC | U136: =data!C134 -> 10A11 | V136: 3 | Y136: ='10a1tr'!H130 -> 0 | Z136: ='10a1tr'!I130 -> 0 | AA136: ='10a1tr'!J130 -> 0 | AB136: ='10a1tr'!K130 -> 0 | AC136: ='10a1tr'!L130 -> 0 | AE136: =IF(B136<>"", INDEX($X$8:$X$1491, MATCH(B136, $T$8:$T$1491, 0)),"") -> 0 | AF136: =IF(AH139<>"", INDEX($AJ$8:$AJ$1491, MATCH(AH139, $T$8:$T$1491, 0)),"") | AG136: =IF(AH136<>"",AG135+1, "") | AJ136: 0.16735
A137: =IF(B137<>"",A136+1,"") -> 133 | B137: LÂM THỊ YẾN VY | C137: 10A2 | E137: Không phép | F137: 33000177 | R137: =IF(B137<>"", INDEX($V$8:$V$1491, MATCH(B137, $T$8:$T$1491, 0)),"") -> 3 | S137: =IF(T137<>"",S136+1,"") -> 130 | T137: =data!B135 -> NGUYỄN THỊ MINH TÚ | U137: =data!C135 -> 10A11 | Y137: ='10a1tr'!H131 -> 0 | Z137: ='10a1tr'!I131 -> 0 | AA137: ='10a1tr'!J131 -> 0 | AB137: ='10a1tr'!K131 -> 0 | AC137: ='10a1tr'!L131 -> 0 | AE137: =IF(B137<>"", INDEX($X$8:$X$1491, MATCH(B137, $T$8:$T$1491, 0)),"") -> 0 | AF137: =IF(AH140<>"", INDEX($AJ$8:$AJ$1491, MATCH(AH140, $T$8:$T$1491, 0)),"") | AG137: =IF(AH137<>"",AG136+1, "") | AJ137: 0.16735
A138: =IF(B138<>"",A137+1,"") -> 134 | B138: PHAN TƯỜNG VY | C138: 10A2 | E138: Không phép | F138: 33000178 | R138: =IF(B138<>"", INDEX($V$8:$V$1491, MATCH(B138, $T$8:$T$1491, 0)),"") -> 3 | S138: =IF(T138<>"",S137+1,"") -> 131 | T138: =data!B136 -> NGUYỄN DUY TƯỜNG | U138: =data!C136 -> 10A11 | Y138: ='10a1tr'!H132 -> 0 | Z138: ='10a1tr'!I132 -> 0 | AA138: ='10a1tr'!J132 -> 0 | AB138: ='10a1tr'!K132 -> 0 | AC138: ='10a1tr'!L132 -> 0 | AE138: =IF(B138<>"", INDEX($X$8:$X$1491, MATCH(B138, $T$8:$T$1491, 0)),"") -> 0 | AF138: =IF(AH141<>"", INDEX($AJ$8:$AJ$1491, MATCH(AH141, $T$8:$T$1491, 0)),"") | AG138: =IF(AH138<>"",AG137+1, "") | AJ138: 0.167361
A139: =IF(B139<>"",A138+1,"") -> 135 | B139: PHAN THỊ THANH XƯƠNG | C139: 10A2 | E139: Không phép | F139: 33000179 | R139: =IF(B139<>"", INDEX($V$8:$V$1491, MATCH(B139, $T$8:$T$1491, 0)),"") -> 3 | S139: =IF(T139<>"",S138+1,"") -> 132 | T139: =data!B137 -> SƠN THỊ KHÁNH VY | U139: =data!C137 -> 10A11 | Y139: ='10a1tr'!H133 -> 0 | Z139: ='10a1tr'!I133 -> 0 | AA139: ='10a1tr'!J133 -> 0 | AB139: ='10a1tr'!K133 -> 0 | AC139: ='10a1tr'!L133 -> 0 | AE139: =IF(B139<>"", INDEX($X$8:$X$1491, MATCH(B139, $T$8:$T$1491, 0)),"") -> 0 | AF139: =IF(AH142<>"", INDEX($AJ$8:$AJ$1491, MATCH(AH142, $T$8:$T$1491, 0)),"") | AG139: =IF(AH139<>"",AG138+1, "") | AJ139: 0.167361
A140: =IF(B140<>"",A139+1,"") -> 136 | B140: ĐỒNG NGỌC Ý | C140: 10A2 | E140: Không phép | F140: 33000180 | R140: =IF(B140<>"", INDEX($V$8:$V$1491, MATCH(B140, $T$8:$T$1491, 0)),"") -> 3 | S140: =IF(T140<>"",S139+1,"") -> 133 | T140: =data!B138 -> DƯƠNG BẢO XUYẾN | U140: =data!C138 -> 10A11 | Y140: ='10a1tr'!H134 -> 0 | Z140: ='10a1tr'!I134 -> 0 | AA140: ='10a1tr'!J134 -> 0 | AB140: ='10a1tr'!K134 -> 0 | AC140: ='10a1tr'!L134 -> 0 | AE140: =IF(B140<>"", INDEX($X$8:$X$1491, MATCH(B140, $T$8:$T$1491, 0)),"") -> 0 | AF140: =IF(AH143<>"", INDEX($AJ$8:$AJ$1491, MATCH(AH143, $T$8:$T$1491, 0)),"") | AG140: =IF(AH140<>"",AG139+1, "") | AJ140: 0.167373
A141: =IF(B141<>"",A140+1,"") -> 137 | B141: NGUYỄN THỊ NHƯ Ý | C141: 10A2 | E141: Không phép | F141: 33000181 | R141: =IF(B141<>"", INDEX($V$8:$V$1491, MATCH(B141, $T$8:$T$1491, 0)),"") -> 3 | S141: =IF(T141<>"",S140+1,"") -> 134 | T141: =data!B139 -> TRẦN NGUYỄN TUYẾT Y | U141: =data!C139 -> 10A11 | Y141: ='10a1tr'!H135 -> 0 | Z141: ='10a1tr'!I135 -> 0 | AA141: ='10a1tr'!J135 -> 0 | AB141: ='10a1tr'!K135 -> 0 | AC141: ='10a1tr'!L135 -> 0 | AE141: =IF(B141<>"", INDEX($X$8:$X$1491, MATCH(B141, $T$8:$T$1491, 0)),"") -> 0 | AF141: =IF(AH144<>"", INDEX($AJ$8:$AJ$1491, MATCH(AH144, $T$8:$T$1491, 0)),"") | AG141: =IF(AH141<>"",AG140+1, "") | AJ141: 0.167384
A142: =IF(B142<>"",A141+1,"") -> 138 | B142: NGUYỄN THỊ NGỌC YẾN | C142: 10A2 | E142: Không phép | F142: 33000182 | R142: =IF(B142<>"", INDEX($V$8:$V$1491, MATCH(B142, $T$8:$T$1491, 0)),"") -> 3 | S142: =IF(T142<>"",S141+1,"") -> 135 | T142: =data!B140 -> TRIỆU HẢI YẾN | U142: =data!C140 -> 10A11 | Y142: ='10a1tr'!H136 -> 0 | Z142: ='10a1tr'!I136 -> 0 | AA142: ='10a1tr'!J136 -> 0 | AB142: ='10a1tr'!K136 -> 0 | AC142: ='10a1tr'!L136 -> 0 | AE142: =IF(B142<>"", INDEX($X$8:$X$1491, MATCH(B142, $T$8:$T$1491, 0)),"") -> 0 | AF142: =IF(AH145<>"", INDEX($AJ$8:$AJ$1491, MATCH(AH145, $T$8:$T$1491, 0)),"") | AG142: =IF(AH142<>"",AG141+1, "") | AJ142: 0.167384
A143: =IF(B143<>"",A142+1,"") -> 139 | B143: VÕ THÚY AN | C143: 10A3 | E143: Không phép | F143: 33000183 | R143: =IF(B143<>"", INDEX($V$8:$V$1491, MATCH(B143, $T$8:$T$1491, 0)),"") -> 3 | S143: =IF(T143<>"",S142+1,"") -> 136 | T143: =data!B141 -> TRỊNH THỊ KIỀU YẾN | U143: =data!C141 -> 10A11 | Y143: ='10a1tr'!H137 -> 0 | Z143: ='10a1tr'!I137 -> 0 | AA143: ='10a1tr'!J137 -> 0 | AB143: ='10a1tr'!K137 -> 0 | AC143: ='10a1tr'!L137 -> 0 | AE143: =IF(B143<>"", INDEX($X$8:$X$1491, MATCH(B143, $T$8:$T$1491, 0)),"") -> 1 | AF143: =IF(AH146<>"", INDEX($AJ$8:$AJ$1491, MATCH(AH146, $T$8:$T$1491, 0)),"") | AG143: =IF(AH143<>"",AG142+1, "") | AJ143: 0.167396
A144: =IF(B144<>"",A143+1,"") -> 140 | B144: LÊ HUỲNH ANH | C144: 10A3 | E144: Không phép | F144: 33000184 | R144: =IF(B144<>"", INDEX($V$8:$V$1491, MATCH(B144, $T$8:$T$1491, 0)),"") -> 3 | S144: =IF(T144<>"",S143+1,"") -> 137 | T144: =data!B142 -> VÕ DIỆP AN AN | U144: =data!C142 -> 10A2 | V144: 3 | Y144: ='10a1tr'!H138 -> 0 | Z144: ='10a1tr'!I138 -> 0 | AA144: ='10a1tr'!J138 -> 0 | AB144: ='10a1tr'!K138 -> 0 | AC144: ='10a1tr'!L138 -> 0 | AE144: =IF(B144<>"", INDEX($X$8:$X$1491, MATCH(B144, $T$8:$T$1491, 0)),"") -> 1 | AF144: =IF(AH147<>"", INDEX($AJ$8:$AJ$1491, MATCH(AH147, $T$8:$T$1491, 0)),"") | AG144: =IF(AH144<>"",AG143+1, "") | AJ144: 0.167396
A145: =IF(B145<>"",A144+1,"") -> 141 | B145: TRIỆU QUỐC BẢO | C145: 10A3 | E145: Không phép | F145: 33000185 | R145: =IF(B145<>"", INDEX($V$8:$V$1491, MATCH(B145, $T$8:$T$1491, 0)),"") -> 3 | S145: =IF(T145<>"",S144+1,"") -> 138 | T145: =data!B143 -> SỬ HỒNG ANH | U145: =data!C143 -> 10A2 | V145: 3 | Y145: ='10a1tr'!H139 -> 0 | Z145: ='10a1tr'!I139 -> 0 | AA145: ='10a1tr'!J139 -> 0 | AB145: ='10a1tr'!K139 -> 0 | AC145: ='10a1tr'!L139 -> 0 | AE145: =IF(B145<>"", INDEX($X$8:$X$1491, MATCH(B145, $T$8:$T$1491, 0)),"") -> 1 | AF145: =IF(AH148<>"", INDEX($AJ$8:$AJ$1491, MATCH(AH148, $T$8:$T$1491, 0)),"") | AG145: =IF(AH145<>"",AG144+1, "") | AJ145: 0.167408
A146: =IF(B146<>"",A145+1,"") -> 142 | B146: PHẠM NGỌC BÍCH | C146: 10A3 | E146: Không phép | F146: 33000186 | R146: =IF(B146<>"", INDEX($V$8:$V$1491, MATCH(B146, $T$8:$T$1491, 0)),"") -> 3 | S146: =IF(T146<>"",S145+1,"") -> 139 | T146: =data!B144 -> LÊ KHÁNH BĂNG | U146: =data!C144 -> 10A2 | V146: 3 | Y146: ='10a1tr'!H140 -> 0 | Z146: ='10a1tr'!I140 -> 0 | AA146: ='10a1tr'!J140 -> 0 | AB146: ='10a1tr'!K140 -> 0 | AC146: ='10a1tr'!L140 -> 0 | AE146: =IF(B146<>"", INDEX($X$8:$X$1491, MATCH(B146, $T$8:$T$1491, 0)),"") -> 0 | AF146: =IF(AH149<>"", INDEX($AJ$8:$AJ$1491, MATCH(AH149, $T$8:$T$1491, 0)),"") | AG146: =IF(AH146<>"",AG145+1, "") | AJ146: 0.167408
A147: =IF(B147<>"",A146+1,"") -> 143 | B147: LÊ THỊ NHƯ BÌNH | C147: 10A3 | E147: Không phép | F147: 33000187 | R147: =IF(B147<>"", INDEX($V$8:$V$1491, MATCH(B147, $T$8:$T$1491, 0)),"") -> 3 | S147: =IF(T147<>"",S146+1,"") -> 140 | T147: =data!B145 -> TRƯƠNG QUANG BÌNH | U147: =data!C145 -> 10A2 | V147: 3 | Y147: ='10a1tr'!H141 -> 0 | Z147: ='10a1tr'!I141 -> 0 | AA147: ='10a1tr'!J141 -> 0 | AB147: ='10a1tr'!K141 -> 0 | AC147: ='10a1tr'!L141 -> 0 | AE147: =IF(B147<>"", INDEX($X$8:$X$1491, MATCH(B147, $T$8:$T$1491, 0)),"") -> 0 | AF147: =IF(AH150<>"", INDEX($AJ$8:$AJ$1491, MATCH(AH150, $T$8:$T$1491, 0)),"") | AG147: =IF(AH147<>"",AG146+1, "") | AJ147: 0.167419
A148: =IF(B148<>"",A147+1,"") -> 144 | B148: VÕ THÀNH CÔNG | C148: 10A3 | E148: Không phép | F148: 33000188 | R148: =IF(B148<>"", INDEX($V$8:$V$1491, MATCH(B148, $T$8:$T$1491, 0)),"") -> 3 | S148: =IF(T148<>"",S147+1,"") -> 141 | T148: =data!B146 -> NGUYỄN NGỌC BẢO CHÂU | U148: =data!C146 -> 10A2 | V148: 3 | Y148: ='10a1tr'!H142 -> 0 | Z148: ='10a1tr'!I142 -> 0 | AA148: ='10a1tr'!J142 -> 0 | AB148: ='10a1tr'!K142 -> 0 | AC148: ='10a1tr'!L142 -> 0 | AE148: =IF(B148<>"", INDEX($X$8:$X$1491, MATCH(B148, $T$8:$T$1491, 0)),"") -> 0 | AF148: =IF(AH151<>"", INDEX($AJ$8:$AJ$1491, MATCH(AH151, $T$8:$T$1491, 0)),"") | AG148: =IF(AH148<>"",AG147+1, "") | AJ148: 0.167419
A149: =IF(B149<>"",A148+1,"") -> 145 | B149: NGUYỄN MINH ĐẠI | C149: 10A3 | E149: Không phép | F149: 33000189 | R149: =IF(B149<>"", INDEX($V$8:$V$1491, MATCH(B149, $T$8:$T$1491, 0)),"") -> 2 | S149: =IF(T149<>"",S148+1,"") -> 142 | T149: =data!B147 -> KIM THANH CHÍ | U149: =data!C147 -> 10A2 | V149: 1 | Y149: ='10a1tr'!H143 -> 0 | Z149: ='10a1tr'!I143 -> 0 | AA149: ='10a1tr'!J143 -> 0 | AB149: ='10a1tr'!K143 -> 0 | AC149: ='10a1tr'!L143 -> 0 | AE149: =IF(B149<>"", INDEX($X$8:$X$1491, MATCH(B149, $T$8:$T$1491, 0)),"") -> 0 | AF149: =IF(AH152<>"", INDEX($AJ$8:$AJ$1491, MATCH(AH152, $T$8:$T$1491, 0)),"") | AG149: =IF(AH149<>"",AG148+1, "") | AJ149: 0.167431
A150: =IF(B150<>"",A149+1,"") -> 146 | B150: LÊ THỊ ĐAN ĐAN | C150: 10A3 | E150: Không phép | F150: 33000190 | R150: =IF(B150<>"", INDEX($V$8:$V$1491, MATCH(B150, $T$8:$T$1491, 0)),"") -> 3 | S150: =IF(T150<>"",S149+1,"") -> 143 | T150: =data!B148 -> NGUYỄN THỊ KIM CƯƠNG | U150: =data!C148 -> 10A2 | V150: 3 | Y150: ='10a1tr'!H144 -> 0 | Z150: ='10a1tr'!I144 -> 0 | AA150: ='10a1tr'!J144 -> 0 | AB150: ='10a1tr'!K144 -> 0 | AC150: ='10a1tr'!L144 -> 0 | AE150: =IF(B150<>"", INDEX($X$8:$X$1491, MATCH(B150, $T$8:$T$1491, 0)),"") -> 0 | AF150: =IF(AH153<>"", INDEX($AJ$8:$AJ$1491, MATCH(AH153, $T$8:$T$1491, 0)),"") | AG150: =IF(AH150<>"",AG149+1, "") | AJ150: 0.167442
A151: =IF(B151<>"",A150+1,"") -> 147 | B151: TRƯƠNG HẢI ĐĂNG | C151: 10A3 | E151: Không phép | F151: 33000191 | R151: =IF(B151<>"", INDEX($V$8:$V$1491, MATCH(B151, $T$8:$T$1491, 0)),"") -> 3 | S151: =IF(T151<>"",S150+1,"") -> 144 | T151: =data!B149 -> LÊ NHÃ ĐAN | U151: =data!C149 -> 10A2 | V151: 3 | Y151: ='10a1tr'!H145 -> 0 | Z151: ='10a1tr'!I145 -> 0 | AA151: ='10a1tr'!J145 -> 0 | AB151: ='10a1tr'!K145 -> 0 | AC151: ='10a1tr'!L145 -> 0 | AE151: =IF(B151<>"", INDEX($X$8:$X$1491, MATCH(B151, $T$8:$T$1491, 0)),"") -> 0 | AF151: =IF(AH154<>"", INDEX($AJ$8:$AJ$1491, MATCH(AH154, $T$8:$T$1491, 0)),"") | AG151: =IF(AH151<>"",AG150+1, "") | AJ151: 0.167454
A152: =IF(B152<>"",A151+1,"") -> 148 | B152: PHAN BÌNH ĐẲNG | C152: 10A3 | E152: Không phép | F152: 33000192 | R152: =IF(B152<>"", INDEX($V$8:$V$1491, MATCH(B152, $T$8:$T$1491, 0)),"") -> 3 | S152: =IF(T152<>"",S151+1,"") -> 145 | T152: =data!B150 -> CAO MINH ĐẠT | U152: =data!C150 -> 10A2 | V152: 1 | Y152: ='10a1tr'!H146 -> 0 | Z152: ='10a1tr'!I146 -> 0 | AA152: ='10a1tr'!J146 -> 0 | AB152: ='10a1tr'!K146 -> 0 | AC152: ='10a1tr'!L146 -> 0 | AE152: =IF(B152<>"", INDEX($X$8:$X$1491, MATCH(B152, $T$8:$T$1491, 0)),"") -> 0 | AF152: =IF(AH155<>"", INDEX($AJ$8:$AJ$1491, MATCH(AH155, $T$8:$T$1491, 0)),"") | AG152: =IF(AH152<>"",AG151+1, "") | AJ152: 0.167454
A153: =IF(B153<>"",A152+1,"") -> 149 | B153: NGUYỄN THÀNH ĐẠT | C153: 10A3 | E153: Không phép | F153: 33000193 | R153: =IF(B153<>"", INDEX($V$8:$V$1491, MATCH(B153, $T$8:$T$1491, 0)),"") -> 3 | S153: =IF(T153<>"",S152+1,"") -> 146 | T153: =data!B151 -> PHAN ĐÌNH DUY | U153: =data!C151 -> 10A2 | V153: 1 | Y153: ='10a1tr'!H147 -> 0 | Z153: ='10a1tr'!I147 -> 0 | AA153: ='10a1tr'!J147 -> 0 | AB153: ='10a1tr'!K147 -> 0 | AC153: ='10a1tr'!L147 -> 0 | AE153: =IF(B153<>"", INDEX($X$8:$X$1491, MATCH(B153, $T$8:$T$1491, 0)),"") -> 0 | AF153: =IF(AH156<>"", INDEX($AJ$8:$AJ$1491, MATCH(AH156, $T$8:$T$1491, 0)),"") | AG153: =IF(AH153<>"",AG152+1, "") | AJ153: 0.167465
A154: =IF(B154<>"",A153+1,"") -> 150 | B154: NGUYỄN THÀNH ĐẠT | C154: 10A3 | E154: Không phép | F154: 33000194 | R154: =IF(B154<>"", INDEX($V$8:$V$1491, MATCH(B154, $T$8:$T$1491, 0)),"") -> 3 | S154: =IF(T154<>"",S153+1,"") -> 147 | T154: =data!B152 -> LÊ GIA HÀO | U154: =data!C152 -> 10A2 | V154: 1 | Y154: ='10a1tr'!H148 -> 0 | Z154: ='10a1tr'!I148 -> 0 | AA154: ='10a1tr'!J148 -> 0 | AB154: ='10a1tr'!K148 -> 0 | AC154: ='10a1tr'!L148 -> 0 | AE154: =IF(B154<>"", INDEX($X$8:$X$1491, MATCH(B154, $T$8:$T$1491, 0)),"") -> 0 | AF154: =IF(AH157<>"", INDEX($AJ$8:$AJ$1491, MATCH(AH157, $T$8:$T$1491, 0)),"") | AG154: =IF(AH154<>"",AG153+1, "") | AJ154: 0.167465
A155: =IF(B155<>"",A154+1,"") -> 151 | B155: NGUYỄN NGỌC GIÀU | C155: 10A3 | E155: Không phép | F155: 33000195 | R155: =IF(B155<>"", INDEX($V$8:$V$1491, MATCH(B155, $T$8:$T$1491, 0)),"") -> 2 | S155: =IF(T155<>"",S154+1,"") -> 148 | T155: =data!B153 -> NGÔ HUỲNH NGỌC HẢO | U155: =data!C153 -> 10A2 | V155: 1 | Y155: ='10a1tr'!H149 -> 0 | Z155: ='10a1tr'!I149 -> 0 | AA155: ='10a1tr'!J149 -> 0 | AB155: ='10a1tr'!K149 -> 0 | AC155: ='10a1tr'!L149 -> 0 | AE155: =IF(B155<>"", INDEX($X$8:$X$1491, MATCH(B155, $T$8:$T$1491, 0)),"") -> 0 | AF155: =IF(AH158<>"", INDEX($AJ$8:$AJ$1491, MATCH(AH158, $T$8:$T$1491, 0)),"") | AG155: =IF(AH155<>"",AG154+1, "") | AJ155: 0.1675
... A165: =IF(B165<>"",A164+1,"") -> 161 | B165: LÝ THỊ NGỌC MINH | C165: 10A3 | E165: Không phép | F165: 33000205 | R165: =IF(B165<>"", INDEX($V$8:$V$1491, MATCH(B165, $T$8:$T$1491, 0)),"") -> 3 | S165: =IF(T165<>"",S164+1,"") -> 158 | T165: =data!B163 -> LÊ CÔNG HOÀNG LONG | U165: =data!C163 -> 10A2 | V165: 1 | Y165: ='10a1tr'!H159 -> 0 | Z165: ='10a1tr'!I159 -> 0 | AA165: ='10a1tr'!J159 -> 0 | AB165: ='10a1tr'!K159 -> 0 | AC165: ='10a1tr'!L159 -> 0 | AE165: =IF(B165<>"", INDEX($X$8:$X$1491, MATCH(B165, $T$8:$T$1491, 0)),"") -> 0 | AF165: =IF(AH168<>"", INDEX($AJ$8:$AJ$1491, MATCH(AH168, $T$8:$T$1491, 0)),"") -> #N/A | AG165: =IF(AH165<>"",AG164+1, "") | AJ165: 0.169803
A166: =IF(B166<>"",A165+1,"") -> 162 | B166: CHÂU THẢO NGÂN | C166: 10A3 | E166: Không phép | F166: 33000206 | R166: =IF(B166<>"", INDEX($V$8:$V$1491, MATCH(B166, $T$8:$T$1491, 0)),"") -> 3 | S166: =IF(T166<>"",S165+1,"") -> 159 | T166: =data!B164 -> NGUYỄN HUỲNH HỚN MINH | U166: =data!C164 -> 10A2 | V166: 1 | Y166: ='10a1tr'!H160 -> 0 | Z166: ='10a1tr'!I160 -> 0 | AA166: ='10a1tr'!J160 -> 0 | AB166: ='10a1tr'!K160 -> 0 | AC166: ='10a1tr'!L160 -> 0 | AE166: =IF(B166<>"", INDEX($X$8:$X$1491, MATCH(B166, $T$8:$T$1491, 0)),"") -> 0 | AF166: =IF(AH169<>"", INDEX($AJ$8:$AJ$1491, MATCH(AH169, $T$8:$T$1491, 0)),"") -> #N/A | AG166: =IF(AH166<>"",AG165+1, "") -> #VALUE! | AH166: CAO THỊ MỸ DUYÊN | AI166: 12A10 | AJ166: 0.041354833
A167: =IF(B167<>"",A166+1,"") -> 163 | B167: ĐẶNG KIM NGÂN | C167: 10A3 | E167: Không phép | F167: 33000207 | R167: =IF(B167<>"", INDEX($V$8:$V$1491, MATCH(B167, $T$8:$T$1491, 0)),"") -> 3 | S167: =IF(T167<>"",S166+1,"") -> 160 | T167: =data!B165 -> HUỲNH THỊ KIM NGÂN | U167: =data!C165 -> 10A2 | V167: 1 | Y167: ='10a1tr'!H161 -> 0 | Z167: ='10a1tr'!I161 -> 0 | AA167: ='10a1tr'!J161 -> 0 | AB167: ='10a1tr'!K161 -> 0 | AC167: ='10a1tr'!L161 -> 0 | AE167: =IF(B167<>"", INDEX($X$8:$X$1491, MATCH(B167, $T$8:$T$1491, 0)),"") -> 0 | AF167: =IF(AH170<>"", INDEX($AJ$8:$AJ$1491, MATCH(AH170, $T$8:$T$1491, 0)),"") -> #N/A | AG167: =IF(AH167<>"",AG166+1, "") -> #VALUE! | AH167: NGUYỄN THÀNH ĐÔ | AI167: 12A10 | AJ167: 0.042581685
A168: =IF(B168<>"",A167+1,"") -> 164 | B168: PHAN TRUNG NGHĨA | C168: 10A3 | E168: Không phép | F168: 33000208 | R168: =IF(B168<>"", INDEX($V$8:$V$1491, MATCH(B168, $T$8:$T$1491, 0)),"") -> 3 | S168: =IF(T168<>"",S167+1,"") -> 161 | T168: =data!B166 -> PHẠM BẢO NGÂN | U168: =data!C166 -> 10A2 | V168: 3 | Y168: ='10a1tr'!H162 -> 0 | Z168: ='10a1tr'!I162 -> 0 | AA168: ='10a1tr'!J162 -> 0 | AB168: ='10a1tr'!K162 -> 0 | AC168: ='10a1tr'!L162 -> 0 | AE168: =IF(B168<>"", INDEX($X$8:$X$1491, MATCH(B168, $T$8:$T$1491, 0)),"") -> 0 | AF168: =IF(AH171<>"", INDEX($AJ$8:$AJ$1491, MATCH(AH171, $T$8:$T$1491, 0)),"") -> #N/A | AG168: =IF(AH168<>"",AG167+1, "") -> #VALUE! | AH168: LÂM NHẬT HÀO | AI168: 12A10 | AJ168: 0.042593259
A169: =IF(B169<>"",A168+1,"") -> 165 | B169: VÕ THÀNH NGHIỆP | C169: 10A3 | E169: Không phép | F169: 33000209 | R169: =IF(B169<>"", INDEX($V$8:$V$1491, MATCH(B169, $T$8:$T$1491, 0)),"") -> 3 | S169: =IF(T169<>"",S168+1,"") -> 162 | T169: =data!B167 -> LÊ HUỲNH BẢO NGỌC | U169: =data!C167 -> 10A2 | V169: 3 | Y169: ='10a1tr'!H163 -> 0 | Z169: ='10a1tr'!I163 -> 0 | AA169: ='10a1tr'!J163 -> 0 | AB169: ='10a1tr'!K163 -> 0 | AC169: ='10a1tr'!L163 -> 0 | AE169: =IF(B169<>"", INDEX($X$8:$X$1491, MATCH(B169, $T$8:$T$1491, 0)),"") -> 0 | AF169: =IF(AH172<>"", INDEX($AJ$8:$AJ$1491, MATCH(AH172, $T$8:$T$1491, 0)),"") -> #N/A | AG169: =IF(AH169<>"",AG168+1, "") -> #VALUE! | AH169: TĂNG PHÚC HẬU | AI169: 12A10 | AJ169: 0.04339187
A170: =IF(B170<>"",A169+1,"") -> 166 | B170: NGỤY KIM YẾN NGỌC | C170: 10A3 | E170: Không phép | F170: 33000210 | R170: =IF(B170<>"", INDEX($V$8:$V$1491, MATCH(B170, $T$8:$T$1491, 0)),"") -> 3 | S170: =IF(T170<>"",S169+1,"") -> 163 | T170: =data!B168 -> TRẦN NGUYỄN LAN NGỌC | U170: =data!C168 -> 10A2 | V170: 3 | Y170: ='10a1tr'!H164 -> 0 | Z170: ='10a1tr'!I164 -> 0 | AA170: ='10a1tr'!J164 -> 0 | AB170: ='10a1tr'!K164 -> 0 | AC170: ='10a1tr'!L164 -> 0 | AE170: =IF(B170<>"", INDEX($X$8:$X$1491, MATCH(B170, $T$8:$T$1491, 0)),"") -> 0 | AF170: =IF(AH173<>"", INDEX($AJ$8:$AJ$1491, MATCH(AH173, $T$8:$T$1491, 0)),"") -> #N/A | AG170: =IF(AH170<>"",AG169+1, "") -> #VALUE! | AH170: ĐẶNG TRIỆU HUY HOÀNG | AI170: 12A10 | AJ170: 0.043403444
A171: =IF(B171<>"",A170+1,"") -> 167 | B171: KHƯU ĐÌNH KỲ NGUYÊN | C171: 10A3 | E171: Không phép | F171: 33000211 | R171: =IF(B171<>"", INDEX($V$8:$V$1491, MATCH(B171, $T$8:$T$1491, 0)),"") -> 3 | S171: =IF(T171<>"",S170+1,"") -> 164 | T171: =data!B169 -> TRƯƠNG HUỲNH THẢO NGUYÊN | U171: =data!C169 -> 10A2 | V171: 3 | Y171: ='10a1tr'!H165 -> 0 | Z171: ='10a1tr'!I165 -> 0 | AA171: ='10a1tr'!J165 -> 0 | AB171: ='10a1tr'!K165 -> 0 | AC171: ='10a1tr'!L165 -> 0 | AE171: =IF(B171<>"", INDEX($X$8:$X$1491, MATCH(B171, $T$8:$T$1491, 0)),"") -> 0 | AF171: =IF(AH174<>"", INDEX($AJ$8:$AJ$1491, MATCH(AH174, $T$8:$T$1491, 0)),"") -> #N/A | AG171: =IF(AH171<>"",AG170+1, "") -> #VALUE! | AH171: NGÔ HOÀNG HUYNH | AI171: 12A10 | AJ171: 0.043415019
A172: =IF(B172<>"",A171+1,"") -> 168 | B172: NGUYỄN TRỌNG NGUYỄN | C172: 10A3 | E172: Không phép | F172: 33000212 | R172: =IF(B172<>"", INDEX($V$8:$V$1491, MATCH(B172, $T$8:$T$1491, 0)),"") -> 3 | S172: =IF(T172<>"",S171+1,"") -> 165 | T172: =data!B170 -> LÊ NGUYỄN MINH NHẬT | U172: =data!C170 -> 10A2 | V172: 3 | Y172: ='10a1tr'!H166 -> 0 | Z172: ='10a1tr'!I166 -> 0 | AA172: ='10a1tr'!J166 -> 0 | AB172: ='10a1tr'!K166 -> 0 | AC172: ='10a1tr'!L166 -> 0 | AE172: =IF(B172<>"", INDEX($X$8:$X$1491, MATCH(B172, $T$8:$T$1491, 0)),"") -> 0 | AF172: =IF(AH175<>"", INDEX($AJ$8:$AJ$1491, MATCH(AH175, $T$8:$T$1491, 0)),"") -> #N/A | AG172: =IF(AH172<>"",AG171+1, "") -> #VALUE! | AH172: LÊ VĨ KHANG | AI172: 12A10 | AJ172: 0.043415019
A173: =IF(B173<>"",A172+1,"") -> 169 | B173: CHIÊM NGỌC NHƯ | C173: 10A3 | E173: Không phép | F173: 33000213 | R173: =IF(B173<>"", INDEX($V$8:$V$1491, MATCH(B173, $T$8:$T$1491, 0)),"") -> 3 | S173: =IF(T173<>"",S172+1,"") -> 166 | T173: =data!B171 -> NGUYỄN THỊ QUYỂN NHI | U173: =data!C171 -> 10A2 | V173: 3 | Y173: ='10a1tr'!H167 -> 0 | Z173: ='10a1tr'!I167 -> 0 | AA173: ='10a1tr'!J167 -> 0 | AB173: ='10a1tr'!K167 -> 0 | AC173: ='10a1tr'!L167 -> 0 | AE173: =IF(B173<>"", INDEX($X$8:$X$1491, MATCH(B173, $T$8:$T$1491, 0)),"") -> 0 | AF173: =IF(AH176<>"", INDEX($AJ$8:$AJ$1491, MATCH(AH176, $T$8:$T$1491, 0)),"") -> #N/A | AG173: =IF(AH173<>"",AG172+1, "") -> #VALUE! | AH173: ĐOÀN ĐĂNG KHOA | AI173: 12A10 | AJ173: 0.043426593
A174: =IF(B174<>"",A173+1,"") -> 170 | B174: HUỲNH TẤN PHÁT | C174: 10A3 | E174: Không phép | F174: 33000214 | R174: =IF(B174<>"", INDEX($V$8:$V$1491, MATCH(B174, $T$8:$T$1491, 0)),"") -> 3 | S174: =IF(T174<>"",S173+1,"") -> 167 | T174: =data!B172 -> ĐỒNG NGỌC NHƯ | U174: =data!C172 -> 10A2 | V174: 3 | Y174: ='10a1tr'!H168 -> 0 | Z174: ='10a1tr'!I168 -> 0 | AA174: ='10a1tr'!J168 -> 0 | AB174: ='10a1tr'!K168 -> 0 | AC174: ='10a1tr'!L168 -> 0 | AE174: =IF(B174<>"", INDEX($X$8:$X$1491, MATCH(B174, $T$8:$T$1491, 0)),"") -> 0 | AF174: =IF(AH177<>"", INDEX($AJ$8:$AJ$1491, MATCH(AH177, $T$8:$T$1491, 0)),"") -> #N/A | AG174: =IF(AH174<>"",AG173+1, "") -> #VALUE! | AH174: ĐÀO ANH KIỆT | AI174: 12A10 | AJ174: 0.043426593
A175: =IF(B175<>"",A174+1,"") -> 171 | B175: TRẦN BÙI MINH PHÚC | C175: 10A3 | E175: Không phép | F175: 33000215 | R175: =IF(B175<>"", INDEX($V$8:$V$1491, MATCH(B175, $T$8:$T$1491, 0)),"") -> 3 | S175: =IF(T175<>"",S174+1,"") -> 168 | T175: =data!B173 -> TRẦN LÊ GIA PHÁT | U175: =data!C173 -> 10A2 | V175: 1 | Y175: ='10a1tr'!H169 -> 0 | Z175: ='10a1tr'!I169 -> 0 | AA175: ='10a1tr'!J169 -> 0 | AB175: ='10a1tr'!K169 -> 0 | AC175: ='10a1tr'!L169 -> 0 | AE175: =IF(B175<>"", INDEX($X$8:$X$1491, MATCH(B175, $T$8:$T$1491, 0)),"") -> 0 | AF175: =IF(AH178<>"", INDEX($AJ$8:$AJ$1491, MATCH(AH178, $T$8:$T$1491, 0)),"") -> #N/A | AG175: =IF(AH175<>"",AG174+1, "") -> #VALUE! | AH175: LÊ NGUYỄN GIA LINH | AI175: 12A10 | AJ175: 0.044040019
A176: =IF(B176<>"",A175+1,"") -> 172 | B176: NGUYỄN NGỌC THIÊN PHỤNG | C176: 10A3 | E176: Không phép | F176: 33000216 | R176: =IF(B176<>"", INDEX($V$8:$V$1491, MATCH(B176, $T$8:$T$1491, 0)),"") -> 3 | S176: =IF(T176<>"",S175+1,"") -> 169 | T176: =data!B174 -> VU ĐÌNH PHÁT | U176: =data!C174 -> 10A2 | V176: 3 | Y176: ='10a1tr'!H170 -> 0 | Z176: ='10a1tr'!I170 -> 0 | AA176: ='10a1tr'!J170 -> 0 | AB176: ='10a1tr'!K170 -> 0 | AC176: ='10a1tr'!L170 -> 0 | AE176: =IF(B176<>"", INDEX($X$8:$X$1491, MATCH(B176, $T$8:$T$1491, 0)),"") -> 0 | AF176: =IF(AH179<>"", INDEX($AJ$8:$AJ$1491, MATCH(AH179, $T$8:$T$1491, 0)),"") -> #N/A | AG176: =IF(AH176<>"",AG175+1, "") -> #VALUE! | AH176: TRẦN NHẬT LỢI | AI176: 12A10 | AJ176: 0.045394185
...

Sheet 10a1tr
A1: TT | B1: HỌ VÀ TÊN | C1: LỚP | D1: B.TÊN | E1: SL | F1: ĐP | G1: SL_1 | H1: DÉP LÊ | I1: SL_2 | J1: TÓC | K1: SL_3 | L1: SON | M1: SL_4 | N1: NÓI TỤC | O1: SL_5 | P1: XẢ RÁC | Q1: SL_6 | R1: TRỄ | S1: SL_7 | T1: zalo | U1: Vi phạm tác phong trong trường:
A2: 1 | B2: NGUYỄN THANH BÌNH | C2: 10A1
A3: 2 | B3: NGUYỄN THÙY CHĂM | C3: 10A1
A4: 3 | B4: NGUYỄN PHAN HOÀN CHÂU | C4: 10A1
A5: 4 | B5: HUỲNH THỊ HUỲNH DAO | C5: 10A1
A6: 5 | B6: THỊ BÉ DIỆP | C6: 10A1
A7: 6 | B7: LÊ GIA DU | C7: 10A1
A8: 7 | B8: NGUYỄN TƯỜNG DUY | C8: 10A1
A9: 8 | B9: HUỲNH NGUYỄN TIẾN ĐẠT | C9: 10A1
A10: 9 | B10: PHẠM HUỲNH ĐỨC | C10: 10A1
A11: 10 | B11: TRƯƠNG BẢO HÂN | C11: 10A1
A12: 11 | B12: HUỲNH THỊ THU HIỀN | C12: 10A1
A13: 12 | B13: TRƯƠNG THỊ NGỌC HUYỀN | C13: 10A1
... A45: 44 | B45: CHÂU THỊ HỒNG YẾN | C45: 10A1
